index,Lux,Temp,Humid,Date,Time,user_id
1,135,35,22,2020-08-10,오후 5:00:00,1
2,43,0,21,2020-08-05,오전 2:00:00,5
3,96,9,25,2020-08-26,오후 9:00:00,3
4,738,24,30,2020-08-05,오후 12:00:00,3
5,461,17,27,2020-08-09,오후 10:00:00,2
6,322,10,35,2020-08-02,오전 3:00:00,2
7,255,22,17,2020-08-22,오후 4:00:00,1
8,467,12,22,2020-08-30,오후 5:00:00,3
9,564,6,35,2020-08-05,오전 7:00:00,1
10,804,27,48,2020-08-01,오후 5:00:00,3
11,211,19,24,2020-08-11,오후 12:00:00,2
12,284,28,12,2020-08-15,오후 10:00:00,3
13,645,16,27,2020-08-06,오후 9:00:00,1
14,64,6,43,2020-08-25,오후 8:00:00,4
15,425,40,32,2020-08-09,오전 6:00:00,5
16,27,37,12,2020-08-15,오전 2:00:00,4
17,771,35,23,2020-08-11,오후 12:00:00,4
18,717,2,43,2020-08-24,오후 9:00:00,4
19,853,29,47,2020-08-05,오전 2:00:00,5
20,966,8,46,2020-08-23,오후 12:00:00,1
21,4,6,45,2020-08-04,오전 3:00:00,5
22,972,9,48,2020-08-09,오후 3:00:00,1
23,933,0,47,2020-08-14,오후 6:00:00,5
24,29,20,34,2020-08-09,오전 4:00:00,2
25,819,6,47,2020-08-01,오후 5:00:00,2
26,834,11,44,2020-08-19,오전 12:00:00,3
27,954,8,34,2020-08-14,오후 9:00:00,4
28,235,16,20,2020-08-17,오전 2:00:00,1
29,736,23,33,2020-08-07,오전 11:00:00,3
30,555,0,34,2020-08-02,오후 11:00:00,5
31,358,25,11,2020-08-04,오후 3:00:00,5
32,755,13,23,2020-08-04,오전 4:00:00,3
33,588,10,40,2020-08-13,오후 2:00:00,1
34,394,8,30,2020-08-09,오전 6:00:00,3
35,720,20,26,2020-08-24,오후 1:00:00,1
36,532,24,28,2020-08-13,오후 4:00:00,5
37,528,33,17,2020-08-03,오전 9:00:00,2
38,942,11,40,2020-08-17,오전 12:00:00,1
39,674,15,12,2020-08-30,오후 9:00:00,2
40,134,6,19,2020-08-06,오전 2:00:00,2
41,862,25,38,2020-08-09,오후 5:00:00,2
42,215,8,34,2020-08-26,오후 8:00:00,3
43,127,2,43,2020-08-15,오후 12:00:00,5
44,467,8,18,2020-08-03,오전 7:00:00,4
45,11,0,39,2020-08-16,오후 11:00:00,5
46,379,20,19,2020-08-07,오전 2:00:00,4
47,319,22,31,2020-08-19,오후 11:00:00,2
48,879,18,17,2020-08-21,오후 12:00:00,1
49,215,16,23,2020-08-06,오전 7:00:00,4
50,592,2,33,2020-08-25,오전 9:00:00,3
51,325,0,20,2020-08-03,오후 5:00:00,3
52,634,35,19,2020-08-14,오전 8:00:00,2
53,219,13,28,2020-08-26,오후 11:00:00,4
54,392,16,16,2020-08-26,오후 11:00:00,4
55,666,33,18,2020-08-10,오전 4:00:00,2
56,869,40,31,2020-08-26,오후 7:00:00,4
57,805,9,15,2020-08-16,오후 1:00:00,3
58,557,13,12,2020-08-12,오후 1:00:00,4
59,700,20,34,2020-08-14,오전 1:00:00,1
60,309,34,15,2020-08-25,오후 11:00:00,4
61,734,37,29,2020-08-08,오후 7:00:00,1
62,362,8,30,2020-08-17,오전 4:00:00,1
63,171,32,38,2020-08-14,오전 2:00:00,1
64,737,27,12,2020-08-05,오후 8:00:00,5
65,130,8,44,2020-08-19,오후 10:00:00,4
66,412,34,13,2020-08-06,오후 10:00:00,4
67,636,11,27,2020-08-20,오전 2:00:00,5
68,576,5,39,2020-08-07,오전 12:00:00,4
69,837,13,14,2020-08-26,오후 3:00:00,2
70,127,26,50,2020-08-04,오후 12:00:00,4
71,283,25,12,2020-08-29,오후 10:00:00,3
72,403,36,34,2020-08-14,오후 8:00:00,5
73,164,25,24,2020-08-12,오후 9:00:00,2
74,307,38,47,2020-08-06,오후 3:00:00,4
75,96,35,49,2020-08-29,오전 11:00:00,1
76,718,12,26,2020-08-18,오후 5:00:00,5
77,247,14,26,2020-08-30,오후 8:00:00,1
78,392,36,18,2020-08-30,오전 1:00:00,5
79,488,24,36,2020-08-13,오후 7:00:00,1
80,82,33,39,2020-08-03,오전 8:00:00,1
81,195,8,30,2020-08-15,오후 5:00:00,1
82,731,14,46,2020-08-12,오전 2:00:00,4
83,599,23,42,2020-08-06,오후 5:00:00,5
84,974,21,35,2020-08-27,오후 5:00:00,4
85,898,39,49,2020-08-24,오전 7:00:00,1
86,653,35,10,2020-08-22,오전 2:00:00,3
87,764,34,48,2020-08-13,오전 2:00:00,1
88,830,18,34,2020-08-11,오후 12:00:00,1
89,466,16,27,2020-08-26,오전 3:00:00,1
90,482,15,29,2020-08-22,오전 9:00:00,5
91,777,18,43,2020-08-13,오전 11:00:00,5
92,649,1,22,2020-08-27,오전 6:00:00,2
93,492,22,25,2020-08-13,오후 8:00:00,3
94,791,12,44,2020-08-12,오전 10:00:00,5
95,15,34,21,2020-08-12,오후 11:00:00,4
96,54,39,18,2020-08-10,오후 9:00:00,4
97,240,39,21,2020-08-07,오전 4:00:00,3
98,768,8,33,2020-08-01,오후 8:00:00,1
99,549,22,30,2020-08-30,오전 1:00:00,5
100,921,36,12,2020-08-21,오후 5:00:00,2
101,690,36,50,2020-08-20,오전 1:00:00,4
102,994,15,47,2020-08-25,오전 6:00:00,5
103,236,23,29,2020-08-17,오후 5:00:00,3
104,946,9,45,2020-08-25,오전 12:00:00,5
105,940,15,37,2020-08-12,오후 11:00:00,2
106,78,40,50,2020-08-06,오후 10:00:00,4
107,285,14,22,2020-08-08,오후 5:00:00,1
108,177,30,18,2020-08-25,오전 4:00:00,5
109,630,36,39,2020-08-04,오전 8:00:00,1
110,790,38,16,2020-08-29,오전 3:00:00,1
111,603,12,29,2020-08-18,오후 11:00:00,2
112,814,21,44,2020-08-04,오전 10:00:00,1
113,762,20,37,2020-08-15,오후 8:00:00,1
114,882,31,30,2020-08-13,오전 1:00:00,2
115,421,11,18,2020-08-28,오후 10:00:00,5
116,772,1,37,2020-08-19,오후 10:00:00,1
117,419,29,29,2020-08-02,오후 3:00:00,3
118,10,3,37,2020-08-24,오후 6:00:00,4
119,7,36,21,2020-08-07,오후 5:00:00,3
120,938,1,39,2020-08-12,오후 10:00:00,3
121,533,23,28,2020-08-07,오후 5:00:00,5
122,162,19,24,2020-08-16,오전 6:00:00,4
123,213,21,47,2020-08-05,오후 7:00:00,2
124,994,10,13,2020-08-01,오후 11:00:00,5
125,424,5,33,2020-08-27,오전 10:00:00,2
126,437,2,44,2020-08-29,오전 3:00:00,5
127,841,26,32,2020-08-19,오전 6:00:00,3
128,685,29,16,2020-08-25,오후 7:00:00,1
129,439,10,36,2020-08-01,오후 6:00:00,4
130,503,37,21,2020-08-26,오전 6:00:00,5
131,20,6,35,2020-08-29,오전 5:00:00,2
132,69,37,48,2020-08-17,오전 8:00:00,4
133,688,21,22,2020-08-26,오후 9:00:00,1
134,173,29,33,2020-08-02,오후 5:00:00,1
135,203,35,20,2020-08-13,오전 6:00:00,3
136,485,5,41,2020-08-20,오후 5:00:00,4
137,452,20,19,2020-08-18,오전 8:00:00,2
138,163,22,23,2020-08-15,오전 11:00:00,2
139,339,10,31,2020-08-11,오전 7:00:00,4
140,961,23,50,2020-08-15,오후 4:00:00,2
141,798,3,18,2020-08-05,오후 8:00:00,2
142,259,20,18,2020-08-22,오전 9:00:00,1
143,76,39,37,2020-08-11,오전 12:00:00,5
144,173,16,12,2020-08-15,오후 8:00:00,2
145,522,10,20,2020-08-14,오전 6:00:00,2
146,289,40,22,2020-08-15,오후 4:00:00,3
147,283,40,46,2020-08-12,오전 3:00:00,4
148,118,6,11,2020-08-27,오후 1:00:00,4
149,497,6,18,2020-08-16,오후 9:00:00,2
150,934,30,48,2020-08-05,오전 1:00:00,1
151,628,35,18,2020-08-03,오후 2:00:00,3
152,935,35,26,2020-08-21,오전 12:00:00,4
153,514,14,25,2020-08-20,오전 4:00:00,4
154,570,35,49,2020-08-06,오전 7:00:00,3
155,982,26,16,2020-08-24,오후 10:00:00,1
156,908,12,38,2020-08-14,오후 3:00:00,3
157,956,14,46,2020-08-04,오후 10:00:00,2
158,177,32,20,2020-08-20,오후 5:00:00,3
159,591,1,14,2020-08-18,오후 8:00:00,3
160,56,37,36,2020-08-03,오후 4:00:00,2
161,991,28,14,2020-08-19,오후 1:00:00,2
162,629,26,44,2020-08-18,오전 10:00:00,5
163,928,30,28,2020-08-29,오전 2:00:00,1
164,183,10,27,2020-08-06,오전 2:00:00,5
165,4,36,24,2020-08-05,오전 7:00:00,1
166,925,24,21,2020-08-09,오전 10:00:00,4
167,805,19,47,2020-08-23,오전 12:00:00,2
168,822,22,35,2020-08-24,오후 7:00:00,4
169,146,26,39,2020-08-23,오전 6:00:00,4
170,176,12,31,2020-08-21,오전 4:00:00,2
171,916,15,34,2020-08-04,오전 5:00:00,4
172,532,40,34,2020-08-23,오전 6:00:00,3
173,376,21,19,2020-08-24,오후 2:00:00,4
174,678,15,12,2020-08-29,오후 12:00:00,1
175,731,14,16,2020-08-01,오전 11:00:00,4
176,855,30,28,2020-08-06,오후 10:00:00,1
177,570,39,14,2020-08-20,오전 1:00:00,5
178,939,14,49,2020-08-20,오후 5:00:00,5
179,43,17,11,2020-08-30,오전 12:00:00,3
180,998,38,32,2020-08-27,오전 10:00:00,3
181,851,23,25,2020-08-15,오후 11:00:00,5
182,851,8,33,2020-08-28,오후 12:00:00,4
183,98,1,19,2020-08-12,오전 1:00:00,1
184,526,40,28,2020-08-26,오전 12:00:00,1
185,58,8,10,2020-08-15,오전 11:00:00,2
186,487,25,22,2020-08-23,오후 2:00:00,2
187,12,21,23,2020-08-16,오후 5:00:00,2
188,607,22,24,2020-08-17,오전 9:00:00,1
189,574,26,30,2020-08-07,오전 1:00:00,4
190,902,29,11,2020-08-07,오후 3:00:00,3
191,25,27,37,2020-08-07,오전 1:00:00,2
192,849,31,47,2020-08-06,오전 12:00:00,4
193,894,14,31,2020-08-19,오전 2:00:00,4
194,430,17,42,2020-08-01,오후 10:00:00,3
195,12,36,19,2020-08-12,오전 9:00:00,3
196,81,14,43,2020-08-29,오전 4:00:00,5
197,873,16,12,2020-08-17,오전 5:00:00,2
198,121,11,12,2020-08-11,오후 8:00:00,2
199,78,37,17,2020-08-15,오후 9:00:00,4
200,951,1,22,2020-08-08,오후 6:00:00,5
201,673,20,32,2020-08-04,오후 4:00:00,1
202,818,18,47,2020-08-14,오전 1:00:00,4
203,612,11,33,2020-08-03,오후 12:00:00,4
204,933,30,33,2020-08-25,오전 6:00:00,4
205,652,19,27,2020-08-05,오후 8:00:00,4
206,189,37,39,2020-08-07,오전 1:00:00,1
207,123,38,24,2020-08-30,오후 8:00:00,5
208,961,6,33,2020-08-29,오후 8:00:00,1
209,678,13,50,2020-08-10,오후 6:00:00,2
210,559,2,15,2020-08-21,오후 5:00:00,5
211,507,20,13,2020-08-04,오후 2:00:00,4
212,443,15,25,2020-08-09,오전 12:00:00,4
213,827,22,48,2020-08-07,오후 10:00:00,4
214,273,5,41,2020-08-03,오후 4:00:00,1
215,182,18,50,2020-08-29,오전 3:00:00,2
216,789,8,48,2020-08-02,오후 5:00:00,5
217,569,10,14,2020-08-29,오전 12:00:00,4
218,363,19,30,2020-08-17,오후 8:00:00,2
219,862,6,39,2020-08-22,오후 2:00:00,1
220,874,36,37,2020-08-16,오전 10:00:00,5
221,586,21,33,2020-08-24,오전 5:00:00,5
222,630,39,44,2020-08-03,오전 3:00:00,2
223,870,2,20,2020-08-17,오전 8:00:00,5
224,806,37,12,2020-08-30,오전 4:00:00,2
225,235,20,36,2020-08-28,오후 11:00:00,4
226,815,34,41,2020-08-03,오전 6:00:00,3
227,922,19,47,2020-08-25,오후 1:00:00,1
228,275,20,18,2020-08-19,오전 10:00:00,2
229,66,15,18,2020-08-27,오전 3:00:00,1
230,802,25,33,2020-08-09,오후 4:00:00,5
231,134,18,43,2020-08-08,오전 10:00:00,4
232,734,20,50,2020-08-21,오후 4:00:00,1
233,508,29,25,2020-08-06,오전 7:00:00,3
234,898,29,13,2020-08-23,오후 11:00:00,3
235,801,36,47,2020-08-09,오전 9:00:00,5
236,134,25,32,2020-08-18,오전 1:00:00,5
237,188,24,18,2020-08-26,오후 1:00:00,3
238,149,40,32,2020-08-25,오후 9:00:00,4
239,307,15,37,2020-08-09,오전 10:00:00,3
240,599,16,25,2020-08-10,오전 10:00:00,3
241,834,15,23,2020-08-07,오후 9:00:00,5
242,510,13,16,2020-08-02,오전 2:00:00,4
243,441,7,15,2020-08-15,오전 3:00:00,4
244,349,3,30,2020-08-02,오전 2:00:00,1
245,735,28,12,2020-08-08,오전 3:00:00,3
246,628,24,44,2020-08-21,오전 8:00:00,2
247,97,13,10,2020-08-23,오후 11:00:00,1
248,930,37,11,2020-08-01,오전 7:00:00,3
249,340,10,11,2020-08-07,오전 2:00:00,3
250,831,18,30,2020-08-13,오후 5:00:00,1
251,784,16,10,2020-08-25,오전 9:00:00,3
252,818,36,50,2020-08-02,오전 7:00:00,1
253,687,10,13,2020-08-27,오전 5:00:00,1
254,311,30,24,2020-08-21,오후 5:00:00,3
255,489,15,33,2020-08-27,오후 4:00:00,1
256,583,11,46,2020-08-02,오후 3:00:00,2
257,136,1,47,2020-08-30,오후 10:00:00,2
258,677,34,19,2020-08-04,오전 4:00:00,1
259,343,22,43,2020-08-09,오전 11:00:00,1
260,199,34,16,2020-08-29,오후 10:00:00,3
261,412,17,36,2020-08-12,오후 10:00:00,1
262,353,35,50,2020-08-28,오전 3:00:00,4
263,873,9,41,2020-08-11,오전 9:00:00,2
264,516,9,23,2020-08-30,오후 4:00:00,1
265,430,14,20,2020-08-22,오후 10:00:00,4
266,330,5,13,2020-08-15,오전 3:00:00,3
267,316,30,27,2020-08-19,오전 1:00:00,4
268,101,5,16,2020-08-24,오전 1:00:00,2
269,734,21,42,2020-08-06,오전 10:00:00,4
270,855,15,33,2020-08-01,오후 9:00:00,5
271,829,5,21,2020-08-28,오전 2:00:00,5
272,468,39,49,2020-08-21,오후 4:00:00,3
273,541,21,34,2020-08-05,오후 10:00:00,1
274,203,0,43,2020-08-09,오전 3:00:00,5
275,282,23,18,2020-08-02,오전 2:00:00,2
276,891,5,41,2020-08-30,오후 7:00:00,2
277,300,18,35,2020-08-30,오전 11:00:00,4
278,391,25,14,2020-08-02,오전 10:00:00,2
279,839,26,42,2020-08-27,오전 4:00:00,3
280,55,2,24,2020-08-09,오후 8:00:00,1
281,314,32,28,2020-08-06,오후 3:00:00,2
282,718,12,29,2020-08-23,오후 10:00:00,1
283,352,10,30,2020-08-17,오후 10:00:00,2
284,605,28,27,2020-08-30,오후 11:00:00,5
285,293,25,34,2020-08-18,오전 5:00:00,3
286,547,35,34,2020-08-19,오후 3:00:00,1
287,72,19,43,2020-08-02,오후 11:00:00,5
288,659,25,24,2020-08-04,오후 10:00:00,4
289,112,4,33,2020-08-27,오전 5:00:00,4
290,8,22,48,2020-08-03,오전 1:00:00,1
291,584,8,27,2020-08-10,오전 10:00:00,3
292,267,30,15,2020-08-08,오후 11:00:00,5
293,314,12,43,2020-08-27,오후 10:00:00,4
294,415,11,37,2020-08-18,오후 11:00:00,4
295,202,5,28,2020-08-27,오후 3:00:00,2
296,303,21,48,2020-08-13,오후 12:00:00,1
297,835,23,41,2020-08-28,오전 10:00:00,5
298,940,37,13,2020-08-04,오후 1:00:00,1
299,693,21,14,2020-08-02,오후 4:00:00,3
300,44,15,13,2020-08-28,오전 12:00:00,2
301,725,38,31,2020-08-09,오전 3:00:00,2
302,75,39,10,2020-08-05,오전 1:00:00,1
303,147,31,12,2020-08-08,오전 2:00:00,5
304,368,29,20,2020-08-04,오후 12:00:00,5
305,29,17,44,2020-08-10,오후 1:00:00,2
306,175,18,23,2020-08-13,오전 12:00:00,5
307,655,14,34,2020-08-11,오전 7:00:00,1
308,760,32,37,2020-08-19,오전 9:00:00,1
309,386,32,38,2020-08-24,오전 9:00:00,3
310,933,36,28,2020-08-28,오전 4:00:00,5
311,978,9,13,2020-08-05,오전 1:00:00,1
312,225,40,47,2020-08-28,오전 2:00:00,3
313,702,28,46,2020-08-14,오전 10:00:00,3
314,214,28,28,2020-08-05,오후 1:00:00,1
315,719,17,39,2020-08-04,오후 4:00:00,2
316,867,22,49,2020-08-12,오전 2:00:00,5
317,637,28,30,2020-08-21,오후 1:00:00,5
318,755,31,41,2020-08-21,오후 5:00:00,3
319,596,30,17,2020-08-20,오후 2:00:00,3
320,341,39,11,2020-08-30,오후 11:00:00,1
321,910,20,37,2020-08-13,오전 10:00:00,3
322,606,36,45,2020-08-01,오전 12:00:00,1
323,742,4,50,2020-08-27,오후 10:00:00,5
324,764,1,42,2020-08-10,오전 7:00:00,3
325,245,29,48,2020-08-29,오전 11:00:00,3
326,576,18,49,2020-08-17,오전 7:00:00,4
327,328,7,39,2020-08-24,오전 1:00:00,5
328,801,35,17,2020-08-07,오전 10:00:00,2
329,41,8,20,2020-08-18,오전 11:00:00,4
330,333,18,24,2020-08-27,오전 2:00:00,2
331,472,5,34,2020-08-25,오후 10:00:00,2
332,624,35,47,2020-08-19,오전 10:00:00,1
333,49,30,22,2020-08-02,오전 12:00:00,5
334,193,36,14,2020-08-22,오후 8:00:00,4
335,673,4,23,2020-08-30,오후 3:00:00,4
336,891,3,26,2020-08-20,오후 6:00:00,2
337,234,38,29,2020-08-20,오전 2:00:00,2
338,901,18,16,2020-08-01,오후 4:00:00,5
339,480,8,20,2020-08-10,오전 7:00:00,3
340,275,26,16,2020-08-27,오후 11:00:00,4
341,620,15,27,2020-08-19,오후 11:00:00,3
342,578,14,50,2020-08-05,오전 8:00:00,1
343,133,20,49,2020-08-05,오후 5:00:00,5
344,538,1,40,2020-08-26,오전 10:00:00,5
345,517,6,33,2020-08-07,오후 8:00:00,4
346,777,36,43,2020-08-07,오후 3:00:00,2
347,977,36,41,2020-08-05,오후 9:00:00,3
348,627,6,27,2020-08-24,오후 4:00:00,5
349,233,15,24,2020-08-04,오전 11:00:00,3
350,180,19,17,2020-08-13,오후 1:00:00,4
351,991,18,23,2020-08-05,오전 3:00:00,4
352,43,32,46,2020-08-15,오전 7:00:00,4
353,516,3,35,2020-08-02,오후 11:00:00,2
354,552,7,50,2020-08-30,오후 8:00:00,5
355,990,30,46,2020-08-04,오전 10:00:00,1
356,111,23,34,2020-08-28,오전 7:00:00,4
357,373,35,46,2020-08-06,오전 1:00:00,3
358,118,25,44,2020-08-22,오후 3:00:00,2
359,714,14,23,2020-08-09,오후 1:00:00,3
360,701,14,22,2020-08-01,오전 4:00:00,3
361,319,26,21,2020-08-15,오후 7:00:00,5
362,343,11,40,2020-08-19,오후 7:00:00,4
363,477,2,32,2020-08-13,오후 3:00:00,2
364,118,25,50,2020-08-23,오후 12:00:00,1
365,344,8,12,2020-08-26,오전 12:00:00,1
366,241,34,43,2020-08-26,오전 12:00:00,2
367,850,2,28,2020-08-04,오후 7:00:00,3
368,781,32,22,2020-08-17,오후 11:00:00,1
369,464,1,40,2020-08-06,오후 8:00:00,4
370,56,5,46,2020-08-19,오후 8:00:00,4
371,590,25,24,2020-08-12,오전 3:00:00,2
372,298,6,28,2020-08-10,오전 1:00:00,5
373,499,19,48,2020-08-13,오후 11:00:00,4
374,487,3,50,2020-08-15,오후 8:00:00,5
375,871,29,46,2020-08-29,오전 9:00:00,3
376,623,13,23,2020-08-12,오전 11:00:00,3
377,39,19,38,2020-08-27,오후 9:00:00,5
378,770,2,39,2020-08-01,오전 8:00:00,1
379,668,8,32,2020-08-30,오후 6:00:00,4
380,614,38,26,2020-08-20,오후 11:00:00,4
381,133,24,23,2020-08-12,오전 5:00:00,3
382,945,23,40,2020-08-18,오후 5:00:00,1
383,943,23,18,2020-08-13,오후 7:00:00,1
384,306,7,27,2020-08-10,오전 2:00:00,1
385,168,11,32,2020-08-11,오후 3:00:00,5
386,189,15,19,2020-08-01,오후 12:00:00,3
387,712,4,16,2020-08-09,오후 7:00:00,1
388,79,7,38,2020-08-22,오전 7:00:00,4
389,92,0,21,2020-08-24,오전 8:00:00,1
390,865,16,31,2020-08-10,오후 7:00:00,5
391,119,3,11,2020-08-02,오전 9:00:00,3
392,936,13,38,2020-08-08,오전 11:00:00,2
393,993,38,16,2020-08-20,오전 9:00:00,2
394,942,8,40,2020-08-04,오전 6:00:00,1
395,236,0,17,2020-08-19,오전 4:00:00,4
396,721,35,42,2020-08-25,오후 10:00:00,5
397,847,11,45,2020-08-02,오후 2:00:00,5
398,913,7,42,2020-08-25,오후 9:00:00,1
399,529,17,42,2020-08-27,오후 5:00:00,5
400,581,14,44,2020-08-19,오전 6:00:00,4
401,514,36,29,2020-08-09,오전 7:00:00,2
402,65,34,16,2020-08-15,오전 8:00:00,3
403,297,20,33,2020-08-04,오후 5:00:00,1
404,858,35,22,2020-08-17,오전 12:00:00,1
405,713,26,43,2020-08-20,오후 3:00:00,4
406,161,22,45,2020-08-30,오후 8:00:00,2
407,216,18,47,2020-08-05,오전 3:00:00,5
408,973,40,49,2020-08-10,오전 7:00:00,3
409,54,0,41,2020-08-07,오전 7:00:00,1
410,319,36,47,2020-08-24,오후 2:00:00,3
411,723,27,14,2020-08-08,오전 7:00:00,5
412,421,28,30,2020-08-28,오전 2:00:00,5
413,642,35,36,2020-08-28,오전 9:00:00,4
414,753,28,13,2020-08-04,오후 8:00:00,2
415,311,31,43,2020-08-27,오후 10:00:00,1
416,599,21,19,2020-08-28,오전 8:00:00,4
417,414,2,26,2020-08-09,오전 8:00:00,1
418,263,28,12,2020-08-19,오후 6:00:00,5
419,487,25,39,2020-08-26,오전 11:00:00,1
420,890,10,18,2020-08-13,오전 6:00:00,4
421,808,18,19,2020-08-02,오후 1:00:00,4
422,688,17,10,2020-08-27,오전 9:00:00,3
423,687,23,35,2020-08-16,오전 9:00:00,4
424,581,2,10,2020-08-06,오후 10:00:00,2
425,386,36,30,2020-08-27,오전 5:00:00,5
426,434,3,41,2020-08-20,오후 3:00:00,2
427,943,31,44,2020-08-11,오전 4:00:00,3
428,471,40,15,2020-08-20,오전 5:00:00,3
429,311,14,42,2020-08-15,오후 6:00:00,3
430,803,7,41,2020-08-04,오후 12:00:00,2
431,596,31,26,2020-08-06,오후 9:00:00,1
432,539,17,46,2020-08-07,오후 7:00:00,1
433,24,19,36,2020-08-03,오전 10:00:00,3
434,878,13,49,2020-08-09,오전 11:00:00,4
435,200,27,37,2020-08-12,오후 5:00:00,2
436,547,14,31,2020-08-20,오후 9:00:00,2
437,891,1,31,2020-08-19,오전 12:00:00,2
438,494,32,50,2020-08-10,오후 2:00:00,4
439,30,8,11,2020-08-18,오전 5:00:00,4
440,697,3,13,2020-08-30,오전 12:00:00,1
441,677,32,20,2020-08-28,오전 4:00:00,4
442,747,33,30,2020-08-17,오전 7:00:00,2
443,762,36,39,2020-08-04,오전 11:00:00,4
444,978,26,20,2020-08-06,오전 5:00:00,5
445,935,1,39,2020-08-12,오전 1:00:00,5
446,898,31,17,2020-08-05,오후 6:00:00,1
447,446,35,47,2020-08-24,오후 9:00:00,3
448,763,35,33,2020-08-21,오전 4:00:00,1
449,677,5,42,2020-08-01,오전 6:00:00,1
450,282,31,34,2020-08-27,오전 5:00:00,5
451,213,35,34,2020-08-18,오후 9:00:00,1
452,308,17,33,2020-08-02,오전 4:00:00,5
453,33,34,20,2020-08-20,오전 10:00:00,4
454,424,3,28,2020-08-24,오전 8:00:00,2
455,286,11,44,2020-08-21,오후 7:00:00,4
456,84,30,46,2020-08-25,오전 12:00:00,1
457,776,28,31,2020-08-30,오전 9:00:00,5
458,741,8,43,2020-08-09,오후 9:00:00,2
459,199,24,45,2020-08-12,오전 5:00:00,5
460,178,40,21,2020-08-30,오후 7:00:00,4
461,793,1,29,2020-08-22,오후 12:00:00,4
462,721,13,22,2020-08-20,오후 11:00:00,1
463,768,3,50,2020-08-13,오후 2:00:00,1
464,564,6,13,2020-08-27,오후 10:00:00,4
465,233,28,24,2020-08-15,오전 11:00:00,3
466,533,23,11,2020-08-29,오후 2:00:00,4
467,188,29,25,2020-08-18,오후 9:00:00,3
468,746,17,30,2020-08-17,오후 5:00:00,4
469,548,18,10,2020-08-25,오후 10:00:00,4
470,520,38,40,2020-08-27,오전 5:00:00,2
471,9,6,13,2020-08-13,오후 12:00:00,1
472,460,4,46,2020-08-21,오후 1:00:00,1
473,542,34,18,2020-08-08,오전 7:00:00,1
474,841,24,14,2020-08-17,오후 9:00:00,3
475,770,19,17,2020-08-16,오전 7:00:00,5
476,626,3,10,2020-08-06,오후 6:00:00,2
477,286,38,22,2020-08-25,오후 4:00:00,4
478,695,0,22,2020-08-26,오후 1:00:00,2
479,142,19,38,2020-08-17,오후 7:00:00,5
480,623,15,41,2020-08-29,오전 6:00:00,4
481,555,7,22,2020-08-03,오후 1:00:00,2
482,161,16,15,2020-08-28,오전 11:00:00,5
483,610,17,24,2020-08-08,오전 2:00:00,3
484,462,34,29,2020-08-16,오후 7:00:00,3
485,786,34,33,2020-08-12,오후 5:00:00,2
486,374,37,16,2020-08-30,오후 1:00:00,5
487,944,1,21,2020-08-09,오전 7:00:00,1
488,806,30,43,2020-08-07,오전 5:00:00,2
489,950,18,20,2020-08-10,오전 11:00:00,3
490,110,39,24,2020-08-08,오전 12:00:00,1
491,294,28,43,2020-08-30,오후 9:00:00,5
492,97,34,12,2020-08-08,오후 9:00:00,3
493,848,22,15,2020-08-06,오전 8:00:00,2
494,906,18,32,2020-08-09,오전 4:00:00,5
495,75,28,13,2020-08-03,오후 12:00:00,5
496,372,5,34,2020-08-07,오전 1:00:00,1
497,145,30,14,2020-08-26,오전 12:00:00,2
498,872,15,21,2020-08-15,오전 1:00:00,1
499,71,20,16,2020-08-03,오전 12:00:00,2
500,823,20,15,2020-08-09,오후 5:00:00,3
501,960,15,29,2020-08-26,오후 9:00:00,3
502,905,32,48,2020-08-19,오전 5:00:00,5
503,681,2,24,2020-08-27,오전 10:00:00,2
504,899,13,36,2020-08-24,오전 3:00:00,3
505,674,6,17,2020-08-06,오전 11:00:00,5
506,404,8,15,2020-08-17,오후 3:00:00,5
507,664,3,32,2020-08-13,오후 1:00:00,2
508,589,14,31,2020-08-05,오전 2:00:00,3
509,857,6,25,2020-08-22,오후 6:00:00,3
510,892,32,26,2020-08-16,오전 9:00:00,5
511,414,15,50,2020-08-21,오후 3:00:00,5
512,530,34,19,2020-08-06,오전 6:00:00,3
513,327,23,36,2020-08-10,오전 6:00:00,5
514,196,38,24,2020-08-13,오전 4:00:00,3
515,597,24,47,2020-08-20,오전 6:00:00,5
516,586,20,21,2020-08-05,오전 9:00:00,1
517,503,2,44,2020-08-25,오전 10:00:00,2
518,525,4,12,2020-08-21,오전 8:00:00,4
519,440,24,30,2020-08-21,오전 1:00:00,4
520,121,3,31,2020-08-10,오후 3:00:00,3
521,408,19,41,2020-08-14,오후 6:00:00,1
522,489,23,40,2020-08-28,오후 9:00:00,2
523,363,20,40,2020-08-14,오후 5:00:00,5
524,571,29,20,2020-08-29,오후 2:00:00,5
525,265,28,22,2020-08-10,오전 10:00:00,3
526,394,28,14,2020-08-30,오전 7:00:00,4
527,688,32,23,2020-08-22,오후 2:00:00,1
528,977,23,44,2020-08-02,오전 5:00:00,1
529,402,40,41,2020-08-03,오후 10:00:00,4
530,696,31,11,2020-08-10,오후 2:00:00,1
531,809,38,23,2020-08-29,오전 5:00:00,3
532,711,15,36,2020-08-16,오후 5:00:00,3
533,609,35,37,2020-08-11,오전 7:00:00,3
534,590,3,11,2020-08-11,오후 8:00:00,4
535,364,16,38,2020-08-19,오후 6:00:00,3
536,961,8,43,2020-08-15,오후 5:00:00,2
537,66,29,48,2020-08-29,오전 4:00:00,5
538,65,12,49,2020-08-16,오후 6:00:00,1
539,907,8,18,2020-08-06,오후 9:00:00,4
540,57,1,29,2020-08-22,오후 3:00:00,4
541,688,0,48,2020-08-25,오후 1:00:00,4
542,651,38,33,2020-08-24,오전 7:00:00,3
543,691,35,21,2020-08-01,오전 6:00:00,3
544,900,2,21,2020-08-18,오전 8:00:00,3
545,260,23,21,2020-08-06,오후 3:00:00,3
546,436,13,10,2020-08-12,오후 4:00:00,1
547,141,38,45,2020-08-30,오전 6:00:00,3
548,43,39,18,2020-08-26,오전 11:00:00,1
549,498,22,46,2020-08-06,오후 12:00:00,5
550,217,14,14,2020-08-05,오후 5:00:00,1
551,932,5,49,2020-08-14,오전 10:00:00,1
552,245,3,13,2020-08-20,오후 2:00:00,4
553,189,15,24,2020-08-09,오전 3:00:00,3
554,992,10,28,2020-08-27,오전 7:00:00,5
555,705,9,19,2020-08-03,오후 9:00:00,2
556,197,15,33,2020-08-15,오전 9:00:00,3
557,712,9,40,2020-08-25,오전 9:00:00,1
558,136,14,43,2020-08-14,오전 3:00:00,4
559,950,1,13,2020-08-20,오후 2:00:00,5
560,690,35,16,2020-08-17,오후 8:00:00,1
561,376,30,40,2020-08-03,오전 6:00:00,3
562,294,18,46,2020-08-25,오후 11:00:00,1
563,330,36,32,2020-08-21,오전 8:00:00,4
564,794,40,19,2020-08-15,오전 1:00:00,1
565,464,20,25,2020-08-26,오전 7:00:00,1
566,581,40,24,2020-08-05,오후 9:00:00,2
567,437,20,50,2020-08-06,오후 3:00:00,1
568,639,10,47,2020-08-14,오후 1:00:00,3
569,656,12,44,2020-08-07,오후 9:00:00,3
570,703,24,18,2020-08-17,오전 12:00:00,5
571,47,17,11,2020-08-26,오후 10:00:00,1
572,508,1,45,2020-08-14,오후 2:00:00,1
573,510,20,35,2020-08-17,오전 2:00:00,4
574,878,34,28,2020-08-15,오전 8:00:00,2
575,438,16,32,2020-08-22,오후 12:00:00,3
576,786,4,27,2020-08-06,오후 1:00:00,2
577,174,29,27,2020-08-25,오후 3:00:00,5
578,60,15,20,2020-08-12,오후 4:00:00,3
579,248,0,27,2020-08-03,오전 11:00:00,2
580,231,13,49,2020-08-27,오후 7:00:00,4
581,424,26,10,2020-08-23,오후 10:00:00,3
582,495,5,47,2020-08-14,오후 6:00:00,3
583,209,12,25,2020-08-27,오전 9:00:00,1
584,408,39,29,2020-08-12,오전 2:00:00,4
585,221,12,36,2020-08-06,오전 4:00:00,5
586,813,40,45,2020-08-25,오전 7:00:00,2
587,102,9,24,2020-08-27,오전 1:00:00,5
588,975,1,22,2020-08-06,오후 3:00:00,3
589,642,13,18,2020-08-24,오전 3:00:00,5
590,614,32,36,2020-08-02,오전 4:00:00,2
591,985,34,14,2020-08-19,오후 11:00:00,2
592,70,29,30,2020-08-13,오전 6:00:00,2
593,463,0,15,2020-08-28,오전 8:00:00,2
594,0,22,12,2020-08-16,오전 2:00:00,1
595,94,6,36,2020-08-23,오후 3:00:00,1
596,424,12,16,2020-08-12,오후 11:00:00,4
597,832,14,15,2020-08-01,오후 1:00:00,5
598,800,10,37,2020-08-16,오후 4:00:00,4
599,524,33,16,2020-08-28,오후 5:00:00,1
600,659,16,44,2020-08-05,오전 4:00:00,4
601,176,25,30,2020-08-01,오전 10:00:00,3
602,991,33,28,2020-08-23,오후 6:00:00,3
603,514,24,39,2020-08-26,오후 2:00:00,4
604,470,36,15,2020-08-20,오전 8:00:00,3
605,462,14,40,2020-08-29,오전 1:00:00,5
606,727,37,43,2020-08-25,오전 10:00:00,2
607,80,2,34,2020-08-04,오전 1:00:00,5
608,370,1,50,2020-08-22,오전 1:00:00,2
609,260,17,29,2020-08-29,오후 12:00:00,3
610,83,0,17,2020-08-18,오전 6:00:00,5
611,303,23,41,2020-08-07,오전 7:00:00,2
612,537,34,15,2020-08-13,오후 11:00:00,2
613,655,30,39,2020-08-03,오전 1:00:00,3
614,191,30,15,2020-08-27,오후 7:00:00,1
615,785,33,28,2020-08-28,오전 7:00:00,2
616,645,2,19,2020-08-02,오전 7:00:00,1
617,219,15,25,2020-08-07,오후 1:00:00,1
618,517,0,32,2020-08-09,오전 1:00:00,2
619,305,5,46,2020-08-17,오전 11:00:00,2
620,962,21,39,2020-08-08,오후 4:00:00,2
621,70,3,29,2020-08-27,오전 1:00:00,4
622,775,34,10,2020-08-25,오전 3:00:00,4
623,317,39,10,2020-08-22,오전 4:00:00,1
624,552,30,11,2020-08-01,오후 1:00:00,3
625,471,21,35,2020-08-06,오전 10:00:00,2
626,334,33,16,2020-08-06,오전 2:00:00,5
627,285,25,17,2020-08-10,오전 12:00:00,1
628,890,15,46,2020-08-30,오후 9:00:00,2
629,607,1,37,2020-08-08,오후 9:00:00,5
630,14,27,43,2020-08-03,오후 12:00:00,3
631,241,31,35,2020-08-14,오후 1:00:00,2
632,183,24,17,2020-08-07,오후 4:00:00,4
633,204,18,16,2020-08-04,오전 4:00:00,5
634,619,30,35,2020-08-06,오전 8:00:00,1
635,288,19,12,2020-08-02,오전 4:00:00,3
636,769,35,34,2020-08-08,오후 4:00:00,2
637,646,2,17,2020-08-13,오전 5:00:00,5
638,318,15,26,2020-08-30,오후 3:00:00,4
639,999,13,35,2020-08-07,오전 5:00:00,4
640,550,15,36,2020-08-15,오후 4:00:00,1
641,489,14,42,2020-08-18,오전 3:00:00,2
642,860,31,41,2020-08-05,오전 8:00:00,4
643,456,38,18,2020-08-19,오전 4:00:00,1
644,821,28,15,2020-08-11,오후 8:00:00,4
645,675,32,43,2020-08-26,오전 5:00:00,4
646,623,0,37,2020-08-06,오후 8:00:00,4
647,650,4,40,2020-08-08,오전 10:00:00,3
648,428,36,37,2020-08-07,오후 6:00:00,4
649,608,30,13,2020-08-03,오후 1:00:00,2
650,173,36,37,2020-08-14,오전 5:00:00,1
651,211,37,22,2020-08-28,오후 4:00:00,1
652,187,32,24,2020-08-08,오후 12:00:00,1
653,183,12,16,2020-08-21,오후 3:00:00,4
654,403,27,47,2020-08-18,오후 6:00:00,5
655,516,18,25,2020-08-14,오전 6:00:00,1
656,379,27,11,2020-08-28,오후 1:00:00,4
657,19,39,23,2020-08-10,오전 9:00:00,3
658,596,24,35,2020-08-11,오전 5:00:00,2
659,505,27,48,2020-08-13,오전 3:00:00,1
660,109,37,39,2020-08-08,오후 6:00:00,2
661,600,8,50,2020-08-10,오전 5:00:00,5
662,426,31,40,2020-08-05,오전 1:00:00,3
663,305,0,29,2020-08-27,오후 6:00:00,2
664,274,13,12,2020-08-06,오후 6:00:00,3
665,877,2,48,2020-08-21,오후 12:00:00,5
666,611,9,38,2020-08-03,오전 2:00:00,5
667,875,14,30,2020-08-09,오후 6:00:00,2
668,228,0,38,2020-08-05,오후 7:00:00,2
669,630,3,26,2020-08-26,오후 11:00:00,1
670,624,26,48,2020-08-22,오전 4:00:00,2
671,110,35,42,2020-08-05,오전 2:00:00,5
672,833,28,10,2020-08-18,오전 10:00:00,4
673,673,31,42,2020-08-18,오후 6:00:00,1
674,672,26,17,2020-08-29,오후 4:00:00,5
675,761,22,44,2020-08-20,오전 8:00:00,1
676,896,15,49,2020-08-05,오전 5:00:00,4
677,288,30,50,2020-08-06,오후 10:00:00,1
678,59,23,31,2020-08-21,오후 6:00:00,1
679,901,17,16,2020-08-17,오후 3:00:00,1
680,356,34,46,2020-08-21,오후 9:00:00,5
681,911,24,35,2020-08-15,오전 7:00:00,1
682,178,7,21,2020-08-19,오전 11:00:00,5
683,885,25,31,2020-08-07,오전 4:00:00,2
684,725,37,24,2020-08-26,오후 3:00:00,5
685,540,14,13,2020-08-15,오전 5:00:00,5
686,810,17,46,2020-08-07,오후 10:00:00,5
687,327,11,25,2020-08-26,오후 10:00:00,5
688,197,34,10,2020-08-10,오전 9:00:00,5
689,349,32,29,2020-08-10,오전 3:00:00,5
690,209,25,16,2020-08-14,오전 2:00:00,5
691,664,28,15,2020-08-10,오전 3:00:00,2
692,461,4,44,2020-08-24,오후 12:00:00,4
693,219,14,40,2020-08-05,오전 7:00:00,5
694,162,10,20,2020-08-29,오전 7:00:00,1
695,825,22,47,2020-08-29,오후 10:00:00,5
696,991,5,24,2020-08-26,오후 9:00:00,3
697,87,12,32,2020-08-14,오후 11:00:00,3
698,761,21,42,2020-08-20,오전 1:00:00,3
699,941,11,31,2020-08-21,오전 3:00:00,2
700,540,7,17,2020-08-09,오후 9:00:00,2
701,607,25,26,2020-08-20,오후 7:00:00,4
702,666,26,26,2020-08-06,오전 3:00:00,5
703,762,36,42,2020-08-15,오전 3:00:00,1
704,372,0,48,2020-08-22,오후 9:00:00,4
705,983,39,11,2020-08-21,오후 6:00:00,3
706,88,30,47,2020-08-01,오후 3:00:00,3
707,29,9,46,2020-08-04,오전 11:00:00,2
708,604,17,10,2020-08-18,오후 1:00:00,1
709,409,28,45,2020-08-15,오전 2:00:00,2
710,118,14,13,2020-08-25,오전 1:00:00,1
711,111,23,39,2020-08-10,오전 2:00:00,2
712,121,28,16,2020-08-24,오후 10:00:00,2
713,132,2,15,2020-08-13,오전 3:00:00,4
714,541,2,40,2020-08-30,오후 6:00:00,1
715,632,0,40,2020-08-07,오후 7:00:00,1
716,640,37,11,2020-08-23,오후 8:00:00,3
717,603,29,30,2020-08-11,오전 1:00:00,4
718,622,26,11,2020-08-30,오후 7:00:00,1
719,127,3,29,2020-08-05,오전 9:00:00,5
720,731,25,38,2020-08-14,오후 6:00:00,4
721,41,9,40,2020-08-24,오후 10:00:00,2
722,651,20,17,2020-08-12,오후 10:00:00,2
723,308,0,41,2020-08-18,오후 1:00:00,3
724,979,9,20,2020-08-16,오후 1:00:00,1
725,319,28,15,2020-08-09,오후 1:00:00,1
726,53,35,20,2020-08-05,오후 7:00:00,5
727,614,24,18,2020-08-03,오전 4:00:00,3
728,297,11,22,2020-08-25,오전 5:00:00,3
729,82,32,10,2020-08-05,오후 10:00:00,5
730,719,37,23,2020-08-14,오전 11:00:00,2
731,492,27,28,2020-08-24,오전 3:00:00,1
732,113,20,44,2020-08-04,오후 7:00:00,3
733,913,34,10,2020-08-27,오전 5:00:00,1
734,649,18,48,2020-08-19,오후 1:00:00,5
735,923,23,36,2020-08-29,오후 1:00:00,1
736,583,7,41,2020-08-17,오후 3:00:00,2
737,314,6,37,2020-08-12,오전 3:00:00,2
738,862,2,20,2020-08-16,오후 1:00:00,1
739,530,3,40,2020-08-18,오전 4:00:00,3
740,731,30,13,2020-08-06,오후 5:00:00,1
741,636,12,48,2020-08-08,오전 2:00:00,4
742,862,22,31,2020-08-02,오후 8:00:00,3
743,533,16,25,2020-08-11,오전 6:00:00,2
744,939,12,44,2020-08-25,오후 6:00:00,1
745,752,20,33,2020-08-02,오전 10:00:00,1
746,237,10,27,2020-08-02,오후 11:00:00,2
747,706,7,36,2020-08-07,오전 10:00:00,4
748,858,37,44,2020-08-19,오후 12:00:00,2
749,698,31,41,2020-08-05,오후 8:00:00,2
750,313,40,34,2020-08-14,오전 11:00:00,4
751,524,5,24,2020-08-18,오후 7:00:00,3
752,570,40,24,2020-08-24,오후 9:00:00,2
753,108,36,21,2020-08-02,오후 9:00:00,4
754,467,27,47,2020-08-28,오후 2:00:00,2
755,22,0,40,2020-08-30,오전 7:00:00,1
756,252,3,15,2020-08-01,오후 10:00:00,1
757,305,7,21,2020-08-13,오전 1:00:00,5
758,368,11,50,2020-08-13,오전 7:00:00,4
759,65,0,33,2020-08-06,오후 11:00:00,2
760,997,5,23,2020-08-04,오후 2:00:00,3
761,875,21,36,2020-08-26,오후 12:00:00,4
762,0,11,19,2020-08-07,오전 12:00:00,4
763,337,4,42,2020-08-16,오후 7:00:00,3
764,595,5,40,2020-08-26,오후 6:00:00,5
765,330,34,41,2020-08-26,오전 8:00:00,3
766,10,3,33,2020-08-30,오전 2:00:00,2
767,864,5,42,2020-08-22,오전 1:00:00,2
768,954,19,32,2020-08-24,오후 2:00:00,5
769,720,36,24,2020-08-16,오전 2:00:00,4
770,45,29,35,2020-08-03,오후 11:00:00,5
771,437,27,18,2020-08-04,오전 8:00:00,5
772,396,26,21,2020-08-07,오후 6:00:00,2
773,376,26,11,2020-08-11,오후 7:00:00,3
774,747,13,14,2020-08-24,오후 5:00:00,1
775,820,33,28,2020-08-28,오전 5:00:00,1
776,518,24,26,2020-08-10,오후 5:00:00,1
777,34,9,15,2020-08-12,오전 1:00:00,5
778,303,9,33,2020-08-25,오후 9:00:00,3
779,754,40,18,2020-08-10,오후 9:00:00,3
780,223,22,18,2020-08-12,오전 9:00:00,2
781,913,28,23,2020-08-09,오전 1:00:00,4
782,437,24,39,2020-08-09,오전 9:00:00,3
783,143,5,22,2020-08-29,오후 7:00:00,4
784,283,17,17,2020-08-25,오후 5:00:00,1
785,855,11,23,2020-08-22,오후 6:00:00,1
786,326,14,20,2020-08-27,오후 9:00:00,2
787,340,30,44,2020-08-02,오후 3:00:00,1
788,2,21,24,2020-08-30,오전 12:00:00,1
789,743,24,44,2020-08-14,오후 6:00:00,3
790,481,31,19,2020-08-15,오전 4:00:00,2
791,296,19,33,2020-08-20,오후 8:00:00,1
792,420,31,26,2020-08-02,오후 9:00:00,3
793,359,20,37,2020-08-03,오후 7:00:00,2
794,613,18,29,2020-08-19,오후 7:00:00,3
795,954,17,19,2020-08-06,오후 2:00:00,3
796,67,28,17,2020-08-03,오후 6:00:00,5
797,994,21,36,2020-08-18,오전 10:00:00,4
798,594,31,34,2020-08-01,오전 7:00:00,3
799,157,27,21,2020-08-03,오후 8:00:00,1
800,942,17,26,2020-08-01,오후 9:00:00,3
801,739,40,43,2020-08-16,오전 11:00:00,4
802,769,26,14,2020-08-19,오전 1:00:00,1
803,715,17,39,2020-08-23,오전 2:00:00,1
804,419,12,33,2020-08-02,오후 2:00:00,4
805,552,1,35,2020-08-02,오후 6:00:00,4
806,578,39,28,2020-08-30,오후 3:00:00,5
807,813,33,12,2020-08-11,오후 6:00:00,5
808,90,32,15,2020-08-20,오전 12:00:00,2
809,20,16,14,2020-08-11,오전 11:00:00,3
810,407,26,32,2020-08-21,오후 11:00:00,3
811,639,7,45,2020-08-14,오전 3:00:00,1
812,863,39,29,2020-08-13,오전 5:00:00,2
813,888,2,39,2020-08-26,오전 11:00:00,5
814,664,32,19,2020-08-20,오전 12:00:00,3
815,48,5,23,2020-08-23,오전 11:00:00,2
816,745,37,32,2020-08-16,오전 1:00:00,2
817,860,4,19,2020-08-21,오전 7:00:00,3
818,142,0,37,2020-08-20,오전 10:00:00,1
819,224,32,43,2020-08-30,오전 5:00:00,2
820,75,15,33,2020-08-21,오후 3:00:00,1
821,513,30,19,2020-08-11,오전 11:00:00,5
822,909,17,47,2020-08-01,오후 11:00:00,5
823,280,36,26,2020-08-29,오전 6:00:00,5
824,456,18,32,2020-08-24,오전 3:00:00,5
825,513,22,28,2020-08-18,오전 7:00:00,4
826,664,21,20,2020-08-06,오후 2:00:00,4
827,305,10,14,2020-08-08,오후 5:00:00,5
828,396,20,26,2020-08-04,오전 4:00:00,4
829,406,6,15,2020-08-06,오후 11:00:00,2
830,370,36,40,2020-08-17,오전 8:00:00,5
831,645,39,14,2020-08-08,오전 5:00:00,3
832,92,30,29,2020-08-15,오후 12:00:00,5
833,479,39,25,2020-08-10,오후 11:00:00,5
834,43,40,12,2020-08-19,오후 12:00:00,5
835,31,16,32,2020-08-23,오전 12:00:00,1
836,329,12,15,2020-08-28,오전 8:00:00,4
837,49,15,20,2020-08-29,오후 3:00:00,1
838,295,18,27,2020-08-15,오전 1:00:00,2
839,799,31,32,2020-08-16,오전 12:00:00,4
840,565,18,11,2020-08-18,오후 8:00:00,5
841,618,17,50,2020-08-23,오전 8:00:00,2
842,15,19,30,2020-08-24,오전 10:00:00,3
843,447,7,18,2020-08-26,오후 2:00:00,2
844,23,21,44,2020-08-11,오전 8:00:00,5
845,96,26,29,2020-08-24,오전 3:00:00,3
846,280,18,34,2020-08-30,오전 8:00:00,1
847,582,17,16,2020-08-20,오전 9:00:00,2
848,477,1,18,2020-08-26,오전 7:00:00,2
849,339,40,19,2020-08-03,오전 1:00:00,4
850,177,19,29,2020-08-16,오후 4:00:00,5
851,397,31,14,2020-08-05,오후 4:00:00,1
852,174,21,40,2020-08-18,오전 6:00:00,4
853,679,10,37,2020-08-10,오전 7:00:00,3
854,656,37,35,2020-08-21,오후 4:00:00,2
855,944,40,22,2020-08-04,오전 5:00:00,4
856,283,24,39,2020-08-08,오전 7:00:00,4
857,398,22,20,2020-08-12,오전 12:00:00,4
858,477,35,15,2020-08-22,오전 9:00:00,1
859,735,3,15,2020-08-07,오전 5:00:00,2
860,159,28,26,2020-08-08,오후 11:00:00,2
861,896,14,18,2020-08-16,오후 3:00:00,5
862,750,16,22,2020-08-12,오전 11:00:00,3
863,555,22,19,2020-08-30,오전 8:00:00,5
864,711,33,25,2020-08-28,오전 7:00:00,4
865,690,7,10,2020-08-10,오전 6:00:00,3
866,641,37,45,2020-08-14,오전 12:00:00,3
867,463,31,10,2020-08-08,오전 11:00:00,3
868,86,4,22,2020-08-27,오전 6:00:00,5
869,822,36,39,2020-08-16,오후 2:00:00,4
870,342,13,44,2020-08-22,오후 6:00:00,4
871,275,31,50,2020-08-27,오후 7:00:00,4
872,18,30,18,2020-08-24,오후 1:00:00,4
873,431,30,29,2020-08-05,오후 5:00:00,1
874,943,15,13,2020-08-09,오후 5:00:00,3
875,966,35,42,2020-08-09,오후 9:00:00,4
876,374,12,12,2020-08-18,오후 8:00:00,3
877,115,8,46,2020-08-01,오전 4:00:00,1
878,989,23,33,2020-08-24,오전 12:00:00,5
879,665,19,47,2020-08-16,오전 8:00:00,2
880,71,33,29,2020-08-08,오전 4:00:00,1
881,722,26,16,2020-08-07,오전 1:00:00,4
882,494,11,20,2020-08-03,오후 3:00:00,2
883,673,35,15,2020-08-12,오후 8:00:00,5
884,740,36,31,2020-08-11,오후 12:00:00,3
885,196,29,42,2020-08-08,오전 9:00:00,1
886,661,32,23,2020-08-30,오후 3:00:00,2
887,263,30,18,2020-08-05,오전 6:00:00,3
888,628,1,31,2020-08-12,오후 2:00:00,5
889,295,12,33,2020-08-01,오전 3:00:00,3
890,957,1,22,2020-08-12,오전 1:00:00,1
891,611,27,32,2020-08-23,오후 6:00:00,2
892,987,40,44,2020-08-23,오후 8:00:00,1
893,107,38,32,2020-08-04,오후 8:00:00,5
894,554,2,42,2020-08-16,오후 6:00:00,5
895,597,7,13,2020-08-16,오후 8:00:00,4
896,540,2,50,2020-08-29,오전 9:00:00,5
897,793,28,24,2020-08-30,오전 4:00:00,4
898,153,4,46,2020-08-20,오전 5:00:00,1
899,901,13,46,2020-08-18,오전 1:00:00,2
900,668,34,28,2020-08-04,오후 7:00:00,5
901,520,1,39,2020-08-06,오전 2:00:00,3
902,125,38,18,2020-08-26,오전 6:00:00,4
903,557,19,14,2020-08-16,오후 2:00:00,3
904,628,30,11,2020-08-21,오후 1:00:00,3
905,298,32,36,2020-08-05,오후 12:00:00,3
906,102,13,22,2020-08-20,오후 1:00:00,1
907,972,4,17,2020-08-19,오후 1:00:00,1
908,913,13,18,2020-08-28,오후 4:00:00,1
909,241,11,13,2020-08-09,오전 1:00:00,5
910,672,0,35,2020-08-24,오후 6:00:00,4
911,100,5,11,2020-08-07,오전 9:00:00,5
912,455,27,30,2020-08-02,오후 12:00:00,4
913,740,29,15,2020-08-27,오후 2:00:00,4
914,729,35,39,2020-08-21,오후 7:00:00,1
915,442,2,22,2020-08-22,오전 10:00:00,1
916,276,22,21,2020-08-08,오전 8:00:00,1
917,943,25,21,2020-08-27,오후 9:00:00,3
918,590,34,43,2020-08-07,오전 11:00:00,2
919,750,25,20,2020-08-11,오후 5:00:00,5
920,49,24,21,2020-08-10,오후 11:00:00,1
921,83,29,42,2020-08-09,오후 7:00:00,1
922,640,16,44,2020-08-06,오후 8:00:00,4
923,958,14,20,2020-08-04,오전 8:00:00,5
924,878,37,35,2020-08-14,오전 12:00:00,3
925,493,38,16,2020-08-09,오전 7:00:00,5
926,814,12,39,2020-08-29,오후 10:00:00,4
927,330,11,20,2020-08-07,오후 4:00:00,2
928,512,15,26,2020-08-14,오전 7:00:00,1
929,5,5,23,2020-08-21,오후 11:00:00,5
930,788,27,34,2020-08-19,오전 3:00:00,1
931,423,5,24,2020-08-29,오전 11:00:00,1
932,553,18,34,2020-08-13,오후 5:00:00,2
933,442,10,38,2020-08-27,오후 9:00:00,2
934,464,6,36,2020-08-08,오후 11:00:00,3
935,831,14,11,2020-08-21,오후 5:00:00,4
936,290,20,10,2020-08-01,오후 12:00:00,5
937,325,33,29,2020-08-01,오전 1:00:00,5
938,641,24,31,2020-08-04,오후 8:00:00,4
939,86,21,25,2020-08-13,오후 11:00:00,5
940,805,20,45,2020-08-12,오후 1:00:00,2
941,528,1,15,2020-08-26,오전 8:00:00,3
942,548,13,10,2020-08-20,오전 4:00:00,3
943,732,29,41,2020-08-25,오전 5:00:00,4
944,906,28,27,2020-08-19,오후 3:00:00,1
945,708,1,28,2020-08-04,오후 12:00:00,5
946,904,22,48,2020-08-01,오전 11:00:00,1
947,691,6,21,2020-08-03,오전 2:00:00,4
948,300,6,18,2020-08-26,오후 3:00:00,4
949,230,29,41,2020-08-12,오후 3:00:00,2
950,142,33,31,2020-08-21,오후 2:00:00,4
951,731,2,18,2020-08-27,오후 7:00:00,2
952,224,17,24,2020-08-26,오후 10:00:00,2
953,720,34,18,2020-08-24,오후 7:00:00,1
954,689,26,35,2020-08-14,오전 11:00:00,4
955,78,37,44,2020-08-21,오전 4:00:00,4
956,29,37,25,2020-08-10,오전 11:00:00,3
957,720,8,42,2020-08-30,오전 12:00:00,3
958,390,4,48,2020-08-13,오전 6:00:00,3
959,953,39,20,2020-08-10,오전 10:00:00,3
960,425,17,22,2020-08-27,오전 4:00:00,3
961,15,33,50,2020-08-25,오후 3:00:00,3
962,975,17,16,2020-08-15,오전 4:00:00,3
963,292,22,31,2020-08-19,오전 9:00:00,4
964,543,24,49,2020-08-28,오후 1:00:00,3
965,615,24,37,2020-08-12,오전 6:00:00,5
966,87,26,32,2020-08-25,오후 7:00:00,2
967,364,15,21,2020-08-15,오후 4:00:00,2
968,242,1,49,2020-08-26,오전 4:00:00,3
969,266,8,32,2020-08-22,오전 9:00:00,1
970,79,11,45,2020-08-04,오전 10:00:00,4
971,577,34,39,2020-08-27,오전 10:00:00,2
972,148,11,43,2020-08-02,오후 11:00:00,3
973,349,28,19,2020-08-10,오후 3:00:00,5
974,349,32,12,2020-08-12,오후 7:00:00,5
975,891,16,34,2020-08-11,오후 11:00:00,4
976,846,22,20,2020-08-08,오후 4:00:00,2
977,27,19,39,2020-08-21,오후 7:00:00,1
978,326,25,15,2020-08-02,오후 7:00:00,4
979,549,34,36,2020-08-02,오후 1:00:00,1
980,568,36,28,2020-08-14,오전 10:00:00,3
981,816,20,49,2020-08-12,오후 2:00:00,3
982,380,28,17,2020-08-17,오전 1:00:00,5
983,774,34,11,2020-08-21,오후 7:00:00,5
984,858,30,16,2020-08-08,오전 8:00:00,4
985,287,15,41,2020-08-21,오후 6:00:00,4
986,904,36,17,2020-08-07,오후 10:00:00,1
987,357,26,28,2020-08-18,오후 4:00:00,3
988,861,0,20,2020-08-19,오전 12:00:00,2
989,618,22,12,2020-08-04,오전 1:00:00,3
990,23,40,44,2020-08-27,오후 7:00:00,3
991,330,0,20,2020-08-27,오후 10:00:00,1
992,207,9,40,2020-08-15,오전 9:00:00,3
993,892,8,29,2020-08-12,오전 6:00:00,3
994,614,7,19,2020-08-29,오전 1:00:00,1
995,715,39,50,2020-08-20,오후 11:00:00,3
996,432,22,23,2020-08-23,오후 2:00:00,5
997,662,30,29,2020-08-01,오전 3:00:00,2
998,682,17,32,2020-08-13,오후 11:00:00,2
999,671,22,17,2020-08-06,오전 8:00:00,2
1000,811,9,27,2020-08-27,오후 11:00:00,3
1001,806,34,47,2020-08-15,오후 8:00:00,5
1002,740,37,30,2020-08-03,오전 5:00:00,5
1003,873,36,46,2020-08-11,오전 8:00:00,5
1004,128,12,24,2020-08-25,오전 6:00:00,5
1005,604,19,36,2020-08-18,오전 5:00:00,1
1006,809,11,10,2020-08-04,오전 8:00:00,1
1007,929,7,29,2020-08-06,오후 1:00:00,3
1008,118,18,15,2020-08-30,오후 8:00:00,5
1009,410,40,38,2020-08-25,오후 1:00:00,2
1010,800,40,29,2020-08-24,오전 8:00:00,1
1011,51,30,24,2020-08-17,오후 10:00:00,1
1012,925,1,48,2020-08-27,오후 11:00:00,5
1013,350,35,41,2020-08-22,오후 7:00:00,5
1014,694,9,49,2020-08-23,오후 7:00:00,4
1015,126,22,25,2020-08-20,오전 7:00:00,2
1016,581,27,30,2020-08-02,오후 7:00:00,4
1017,313,14,34,2020-08-04,오전 1:00:00,5
1018,28,10,44,2020-08-06,오후 2:00:00,5
1019,939,34,31,2020-08-09,오후 8:00:00,2
1020,95,5,30,2020-08-13,오후 4:00:00,5
1021,836,2,18,2020-08-30,오전 2:00:00,4
1022,282,14,27,2020-08-09,오후 7:00:00,1
1023,4,34,27,2020-08-06,오후 11:00:00,4
1024,848,15,15,2020-08-30,오전 4:00:00,1
1025,847,3,12,2020-08-10,오전 10:00:00,3
1026,27,28,32,2020-08-15,오후 4:00:00,5
1027,497,34,30,2020-08-26,오후 7:00:00,2
1028,267,11,47,2020-08-25,오전 9:00:00,2
1029,412,22,21,2020-08-24,오후 12:00:00,2
1030,896,14,40,2020-08-16,오후 6:00:00,2
1031,328,11,28,2020-08-20,오전 9:00:00,1
1032,84,7,30,2020-08-04,오전 7:00:00,2
1033,858,39,16,2020-08-19,오전 2:00:00,4
1034,339,1,41,2020-08-06,오전 3:00:00,1
1035,310,36,21,2020-08-29,오전 10:00:00,5
1036,253,17,39,2020-08-11,오후 12:00:00,3
1037,591,1,40,2020-08-11,오후 9:00:00,4
1038,972,40,41,2020-08-03,오후 9:00:00,5
1039,260,19,22,2020-08-10,오후 5:00:00,2
1040,684,21,18,2020-08-27,오후 2:00:00,3
1041,972,40,36,2020-08-18,오후 1:00:00,1
1042,974,10,40,2020-08-06,오후 4:00:00,1
1043,873,6,34,2020-08-18,오전 8:00:00,2
1044,279,21,39,2020-08-25,오후 4:00:00,4
1045,109,17,23,2020-08-27,오후 8:00:00,3
1046,242,39,20,2020-08-20,오후 8:00:00,3
1047,27,18,49,2020-08-16,오후 4:00:00,3
1048,179,34,12,2020-08-28,오전 10:00:00,3
1049,399,8,11,2020-08-14,오전 11:00:00,5
1050,811,7,29,2020-08-28,오전 9:00:00,4
1051,298,35,23,2020-08-21,오후 12:00:00,4
1052,494,1,16,2020-08-15,오후 5:00:00,5
1053,190,16,21,2020-08-27,오전 8:00:00,2
1054,997,6,19,2020-08-27,오전 9:00:00,1
1055,614,3,39,2020-08-08,오후 1:00:00,1
1056,567,18,20,2020-08-15,오전 6:00:00,4
1057,595,34,40,2020-08-13,오후 10:00:00,5
1058,878,10,31,2020-08-08,오후 11:00:00,5
1059,930,19,42,2020-08-25,오전 8:00:00,5
1060,496,16,32,2020-08-26,오전 5:00:00,4
1061,805,24,48,2020-08-18,오후 9:00:00,1
1062,223,26,45,2020-08-24,오전 4:00:00,4
1063,456,33,41,2020-08-02,오후 12:00:00,3
1064,549,33,21,2020-08-21,오전 10:00:00,4
1065,338,5,11,2020-08-28,오후 3:00:00,1
1066,603,2,46,2020-08-30,오후 7:00:00,3
1067,249,27,13,2020-08-26,오후 9:00:00,4
1068,655,38,49,2020-08-29,오후 2:00:00,2
1069,153,32,19,2020-08-11,오후 2:00:00,4
1070,709,34,44,2020-08-29,오전 5:00:00,3
1071,955,12,29,2020-08-23,오전 10:00:00,3
1072,263,13,40,2020-08-05,오후 7:00:00,4
1073,706,36,50,2020-08-02,오전 6:00:00,4
1074,332,4,44,2020-08-18,오후 12:00:00,3
1075,124,35,38,2020-08-04,오후 4:00:00,4
1076,138,6,29,2020-08-04,오후 5:00:00,4
1077,762,10,34,2020-08-22,오후 3:00:00,3
1078,139,21,20,2020-08-04,오전 1:00:00,1
1079,667,20,15,2020-08-20,오전 6:00:00,5
1080,164,34,31,2020-08-24,오후 4:00:00,1
1081,502,18,31,2020-08-13,오후 12:00:00,5
1082,588,32,31,2020-08-22,오전 4:00:00,4
1083,1,18,20,2020-08-08,오전 7:00:00,1
1084,987,11,47,2020-08-11,오후 9:00:00,4
1085,83,40,30,2020-08-30,오전 8:00:00,5
1086,749,4,27,2020-08-11,오후 9:00:00,3
1087,89,6,38,2020-08-24,오후 7:00:00,1
1088,14,36,21,2020-08-16,오후 9:00:00,2
1089,600,29,25,2020-08-21,오전 12:00:00,3
1090,777,35,48,2020-08-25,오전 9:00:00,5
1091,99,31,34,2020-08-10,오후 5:00:00,1
1092,141,11,38,2020-08-29,오후 9:00:00,4
1093,818,28,29,2020-08-16,오후 6:00:00,5
1094,145,2,20,2020-08-11,오전 2:00:00,3
1095,449,40,43,2020-08-09,오전 10:00:00,5
1096,234,13,34,2020-08-22,오전 10:00:00,4
1097,116,0,48,2020-08-11,오전 9:00:00,2
1098,183,38,40,2020-08-07,오후 8:00:00,3
1099,375,34,15,2020-08-22,오전 10:00:00,5
1100,43,6,42,2020-08-26,오전 4:00:00,3
1101,863,14,32,2020-08-15,오전 7:00:00,1
1102,465,28,31,2020-08-29,오후 1:00:00,3
1103,80,40,47,2020-08-01,오전 6:00:00,5
1104,354,12,43,2020-08-30,오후 3:00:00,1
1105,510,24,12,2020-08-25,오전 10:00:00,3
1106,261,27,42,2020-08-19,오후 3:00:00,1
1107,461,22,20,2020-08-07,오전 9:00:00,2
1108,559,26,34,2020-08-04,오후 6:00:00,2
1109,603,8,32,2020-08-17,오후 8:00:00,2
1110,461,38,43,2020-08-01,오전 1:00:00,3
1111,200,2,14,2020-08-16,오전 1:00:00,3
1112,892,16,14,2020-08-13,오후 7:00:00,4
1113,806,38,10,2020-08-14,오후 7:00:00,1
1114,415,37,10,2020-08-08,오후 10:00:00,5
1115,355,33,32,2020-08-27,오전 3:00:00,4
1116,725,36,22,2020-08-05,오후 11:00:00,3
1117,949,28,36,2020-08-09,오후 2:00:00,3
1118,314,28,32,2020-08-09,오전 12:00:00,1
1119,350,8,48,2020-08-11,오후 5:00:00,1
1120,25,25,43,2020-08-27,오후 8:00:00,3
1121,954,21,28,2020-08-21,오전 9:00:00,3
1122,132,7,33,2020-08-19,오전 1:00:00,1
1123,836,3,22,2020-08-23,오후 1:00:00,4
1124,509,30,29,2020-08-09,오전 1:00:00,3
1125,721,31,38,2020-08-02,오후 2:00:00,1
1126,996,38,45,2020-08-06,오후 7:00:00,5
1127,615,20,27,2020-08-27,오후 4:00:00,3
1128,751,24,17,2020-08-28,오후 4:00:00,4
1129,774,38,47,2020-08-11,오전 9:00:00,4
1130,835,20,45,2020-08-15,오전 6:00:00,4
1131,998,40,31,2020-08-15,오후 6:00:00,5
1132,461,39,41,2020-08-05,오전 4:00:00,5
1133,502,26,39,2020-08-13,오후 2:00:00,5
1134,531,26,14,2020-08-12,오후 7:00:00,5
1135,892,11,32,2020-08-24,오후 3:00:00,4
1136,335,26,26,2020-08-27,오전 10:00:00,4
1137,127,8,47,2020-08-28,오전 1:00:00,4
1138,377,1,32,2020-08-12,오후 8:00:00,1
1139,772,24,29,2020-08-11,오전 2:00:00,1
1140,362,17,21,2020-08-25,오전 1:00:00,2
1141,791,15,47,2020-08-11,오후 7:00:00,3
1142,541,20,11,2020-08-25,오전 7:00:00,2
1143,229,40,20,2020-08-14,오후 4:00:00,3
1144,426,17,13,2020-08-22,오후 5:00:00,3
1145,717,33,48,2020-08-29,오후 12:00:00,1
1146,436,8,11,2020-08-24,오전 10:00:00,5
1147,126,0,12,2020-08-07,오전 2:00:00,1
1148,118,3,20,2020-08-22,오후 8:00:00,1
1149,977,0,18,2020-08-27,오전 11:00:00,5
1150,401,29,29,2020-08-21,오후 5:00:00,4
1151,134,22,21,2020-08-13,오전 5:00:00,5
1152,373,6,16,2020-08-01,오전 4:00:00,2
1153,411,2,47,2020-08-27,오후 4:00:00,3
1154,326,4,47,2020-08-14,오후 10:00:00,3
1155,854,10,25,2020-08-02,오전 5:00:00,1
1156,532,13,38,2020-08-17,오전 8:00:00,2
1157,136,39,44,2020-08-02,오전 11:00:00,5
1158,2,8,29,2020-08-02,오전 2:00:00,2
1159,853,34,32,2020-08-15,오전 2:00:00,1
1160,861,34,37,2020-08-22,오전 1:00:00,2
1161,853,23,39,2020-08-10,오전 10:00:00,1
1162,338,23,37,2020-08-13,오후 11:00:00,4
1163,253,35,12,2020-08-30,오전 8:00:00,3
1164,877,40,15,2020-08-18,오전 8:00:00,1
1165,576,17,21,2020-08-15,오후 6:00:00,4
1166,734,13,13,2020-08-25,오후 7:00:00,3
1167,44,30,32,2020-08-07,오전 4:00:00,4
1168,112,34,47,2020-08-06,오후 3:00:00,1
1169,373,25,24,2020-08-26,오후 1:00:00,4
1170,998,17,32,2020-08-12,오전 4:00:00,5
1171,608,23,24,2020-08-04,오전 11:00:00,5
1172,140,27,26,2020-08-12,오후 5:00:00,2
1173,537,40,29,2020-08-29,오후 3:00:00,2
1174,579,26,13,2020-08-09,오전 2:00:00,4
1175,927,6,35,2020-08-13,오후 12:00:00,3
1176,591,21,30,2020-08-26,오후 9:00:00,1
1177,153,25,38,2020-08-12,오전 5:00:00,4
1178,187,34,49,2020-08-14,오전 7:00:00,1
1179,703,2,46,2020-08-04,오후 8:00:00,5
1180,55,5,37,2020-08-23,오후 1:00:00,3
1181,449,19,35,2020-08-17,오전 3:00:00,1
1182,58,39,50,2020-08-03,오전 11:00:00,2
1183,599,34,25,2020-08-03,오후 12:00:00,4
1184,873,1,33,2020-08-07,오후 4:00:00,4
1185,219,31,23,2020-08-24,오전 4:00:00,4
1186,14,23,44,2020-08-10,오후 12:00:00,4
1187,488,25,36,2020-08-23,오전 11:00:00,3
1188,113,15,40,2020-08-25,오전 6:00:00,3
1189,380,21,48,2020-08-05,오전 5:00:00,4
1190,804,25,31,2020-08-27,오전 6:00:00,1
1191,430,21,13,2020-08-13,오후 8:00:00,5
1192,966,35,10,2020-08-30,오전 9:00:00,2
1193,468,34,32,2020-08-12,오전 6:00:00,3
1194,45,30,39,2020-08-22,오전 8:00:00,3
1195,501,17,21,2020-08-19,오전 10:00:00,2
1196,923,38,33,2020-08-23,오전 8:00:00,5
1197,824,30,29,2020-08-17,오전 8:00:00,5
1198,169,33,26,2020-08-02,오전 12:00:00,3
1199,736,9,44,2020-08-25,오전 9:00:00,5
1200,472,34,40,2020-08-08,오후 5:00:00,2
1201,832,16,24,2020-08-17,오후 8:00:00,3
1202,47,8,38,2020-08-11,오후 1:00:00,4
1203,290,29,35,2020-08-20,오전 7:00:00,2
1204,249,7,25,2020-08-20,오후 3:00:00,4
1205,337,39,42,2020-08-24,오전 6:00:00,3
1206,37,38,30,2020-08-30,오후 7:00:00,4
1207,114,27,37,2020-08-07,오전 4:00:00,4
1208,433,40,27,2020-08-01,오전 6:00:00,3
1209,76,18,45,2020-08-08,오후 3:00:00,5
1210,83,25,24,2020-08-02,오후 3:00:00,5
1211,658,0,30,2020-08-15,오전 4:00:00,1
1212,739,34,15,2020-08-02,오후 3:00:00,5
1213,720,18,50,2020-08-17,오후 11:00:00,5
1214,630,38,15,2020-08-16,오전 7:00:00,4
1215,906,35,24,2020-08-14,오후 9:00:00,1
1216,174,35,45,2020-08-30,오전 5:00:00,3
1217,391,28,36,2020-08-04,오전 6:00:00,3
1218,353,29,22,2020-08-17,오후 11:00:00,3
1219,528,19,23,2020-08-02,오전 12:00:00,3
1220,300,16,19,2020-08-21,오후 9:00:00,1
1221,340,30,30,2020-08-14,오후 6:00:00,5
1222,314,12,44,2020-08-10,오전 2:00:00,3
1223,644,40,23,2020-08-14,오전 1:00:00,5
1224,775,38,28,2020-08-25,오후 8:00:00,1
1225,140,34,48,2020-08-13,오후 12:00:00,2
1226,173,30,39,2020-08-05,오전 2:00:00,3
1227,427,9,32,2020-08-29,오후 6:00:00,1
1228,817,1,28,2020-08-23,오전 12:00:00,4
1229,544,11,12,2020-08-19,오후 7:00:00,2
1230,408,34,31,2020-08-12,오전 5:00:00,1
1231,93,22,30,2020-08-12,오후 1:00:00,5
1232,886,29,24,2020-08-13,오전 3:00:00,3
1233,419,20,28,2020-08-26,오후 5:00:00,2
1234,119,1,25,2020-08-20,오후 12:00:00,3
1235,67,21,44,2020-08-10,오후 9:00:00,5
1236,162,29,47,2020-08-07,오후 5:00:00,4
1237,197,31,29,2020-08-14,오후 5:00:00,3
1238,559,21,43,2020-08-04,오후 2:00:00,1
1239,505,6,31,2020-08-22,오전 12:00:00,2
1240,488,31,26,2020-08-24,오전 12:00:00,4
1241,437,30,37,2020-08-18,오전 2:00:00,1
1242,776,17,26,2020-08-15,오후 10:00:00,1
1243,740,17,28,2020-08-17,오전 11:00:00,1
1244,242,20,39,2020-08-12,오후 12:00:00,4
1245,846,1,39,2020-08-16,오후 4:00:00,3
1246,140,40,28,2020-08-27,오전 3:00:00,3
1247,357,4,46,2020-08-26,오후 6:00:00,5
1248,138,29,45,2020-08-24,오전 5:00:00,4
1249,223,36,26,2020-08-04,오후 1:00:00,3
1250,711,9,20,2020-08-28,오후 11:00:00,5
1251,414,25,21,2020-08-26,오전 11:00:00,5
1252,659,26,29,2020-08-03,오전 4:00:00,2
1253,475,2,12,2020-08-23,오후 11:00:00,3
1254,528,24,37,2020-08-20,오전 7:00:00,4
1255,996,5,34,2020-08-13,오전 8:00:00,2
1256,813,38,37,2020-08-24,오전 1:00:00,5
1257,959,20,49,2020-08-26,오전 3:00:00,3
1258,500,38,44,2020-08-07,오전 11:00:00,2
1259,572,33,39,2020-08-15,오전 1:00:00,5
1260,82,1,13,2020-08-21,오전 4:00:00,4
1261,332,4,15,2020-08-21,오전 12:00:00,1
1262,367,14,13,2020-08-21,오전 1:00:00,5
1263,598,16,12,2020-08-08,오전 9:00:00,5
1264,319,2,27,2020-08-11,오후 1:00:00,4
1265,563,16,29,2020-08-15,오전 11:00:00,3
1266,839,33,32,2020-08-17,오후 2:00:00,1
1267,326,39,41,2020-08-26,오전 7:00:00,1
1268,420,22,18,2020-08-01,오후 4:00:00,5
1269,422,15,33,2020-08-17,오전 3:00:00,3
1270,291,39,22,2020-08-06,오전 4:00:00,4
1271,231,22,49,2020-08-27,오후 2:00:00,5
1272,646,35,26,2020-08-03,오전 1:00:00,1
1273,439,10,38,2020-08-07,오전 9:00:00,1
1274,326,15,37,2020-08-15,오후 2:00:00,3
1275,261,32,32,2020-08-23,오전 4:00:00,1
1276,410,9,36,2020-08-21,오후 1:00:00,4
1277,998,27,49,2020-08-05,오후 7:00:00,1
1278,32,38,47,2020-08-11,오후 10:00:00,1
1279,773,33,40,2020-08-16,오후 10:00:00,1
1280,202,2,12,2020-08-10,오후 11:00:00,3
1281,507,34,10,2020-08-19,오전 12:00:00,4
1282,50,40,46,2020-08-30,오전 8:00:00,5
1283,770,39,24,2020-08-24,오전 1:00:00,1
1284,36,18,32,2020-08-23,오전 5:00:00,4
1285,394,0,25,2020-08-02,오전 2:00:00,5
1286,329,30,19,2020-08-29,오후 1:00:00,3
1287,762,39,47,2020-08-30,오후 12:00:00,1
1288,493,40,17,2020-08-02,오후 1:00:00,3
1289,325,32,16,2020-08-12,오후 2:00:00,1
1290,192,7,25,2020-08-27,오전 11:00:00,3
1291,169,30,38,2020-08-29,오전 9:00:00,2
1292,671,4,25,2020-08-23,오후 8:00:00,4
1293,103,29,36,2020-08-19,오전 12:00:00,2
1294,619,35,35,2020-08-27,오전 11:00:00,1
1295,497,23,50,2020-08-21,오전 6:00:00,5
1296,445,30,32,2020-08-28,오전 7:00:00,3
1297,63,17,11,2020-08-26,오후 10:00:00,5
1298,98,9,14,2020-08-19,오후 11:00:00,3
1299,39,39,42,2020-08-23,오후 12:00:00,4
1300,548,37,38,2020-08-04,오후 3:00:00,4
1301,472,23,37,2020-08-21,오전 3:00:00,1
1302,744,12,28,2020-08-30,오전 8:00:00,3
1303,884,6,26,2020-08-08,오전 5:00:00,2
1304,7,0,40,2020-08-15,오전 3:00:00,3
1305,795,36,36,2020-08-21,오전 2:00:00,1
1306,504,31,21,2020-08-23,오후 5:00:00,5
1307,594,35,42,2020-08-02,오전 2:00:00,4
1308,152,24,50,2020-08-06,오전 3:00:00,5
1309,579,3,40,2020-08-24,오전 1:00:00,3
1310,869,23,16,2020-08-20,오전 12:00:00,4
1311,747,37,15,2020-08-02,오전 5:00:00,2
1312,112,25,19,2020-08-23,오후 11:00:00,2
1313,728,21,31,2020-08-08,오전 11:00:00,1
1314,980,26,17,2020-08-29,오전 12:00:00,1
1315,970,5,40,2020-08-12,오전 2:00:00,4
1316,554,8,43,2020-08-15,오후 10:00:00,5
1317,296,10,40,2020-08-17,오전 11:00:00,5
1318,14,12,23,2020-08-29,오전 9:00:00,2
1319,316,32,43,2020-08-13,오전 9:00:00,3
1320,75,33,35,2020-08-13,오후 12:00:00,1
1321,58,21,44,2020-08-19,오전 8:00:00,2
1322,192,21,42,2020-08-18,오후 3:00:00,5
1323,807,32,43,2020-08-18,오후 6:00:00,5
1324,377,40,26,2020-08-18,오후 2:00:00,3
1325,907,12,44,2020-08-30,오후 11:00:00,4
1326,554,17,42,2020-08-05,오전 6:00:00,3
1327,840,39,23,2020-08-23,오후 1:00:00,1
1328,54,31,34,2020-08-12,오후 12:00:00,4
1329,395,29,45,2020-08-18,오전 7:00:00,1
1330,79,37,11,2020-08-26,오후 7:00:00,5
1331,232,12,23,2020-08-27,오전 7:00:00,2
1332,25,31,14,2020-08-22,오후 8:00:00,5
1333,212,6,44,2020-08-22,오후 7:00:00,3
1334,645,21,18,2020-08-25,오후 7:00:00,3
1335,355,20,44,2020-08-28,오전 12:00:00,2
1336,640,32,20,2020-08-15,오전 10:00:00,3
1337,364,6,15,2020-08-23,오후 8:00:00,4
1338,410,19,20,2020-08-11,오후 11:00:00,3
1339,459,28,47,2020-08-20,오후 3:00:00,2
1340,742,20,17,2020-08-10,오후 12:00:00,2
1341,832,19,45,2020-08-17,오전 8:00:00,3
1342,417,15,35,2020-08-10,오후 11:00:00,5
1343,46,6,35,2020-08-08,오전 3:00:00,2
1344,713,0,21,2020-08-11,오후 8:00:00,3
1345,892,9,17,2020-08-13,오전 1:00:00,1
1346,832,14,22,2020-08-21,오전 12:00:00,3
1347,505,11,46,2020-08-03,오후 1:00:00,5
1348,533,28,21,2020-08-26,오후 5:00:00,1
1349,493,31,38,2020-08-20,오전 4:00:00,2
1350,19,20,48,2020-08-11,오후 10:00:00,3
1351,642,19,11,2020-08-14,오전 7:00:00,3
1352,810,32,21,2020-08-17,오후 12:00:00,2
1353,297,14,40,2020-08-14,오후 1:00:00,2
1354,276,22,16,2020-08-14,오후 7:00:00,3
1355,108,28,36,2020-08-07,오후 11:00:00,3
1356,639,38,39,2020-08-03,오전 4:00:00,5
1357,650,23,13,2020-08-27,오전 11:00:00,5
1358,670,21,10,2020-08-05,오전 11:00:00,4
1359,222,8,21,2020-08-18,오전 1:00:00,4
1360,380,22,15,2020-08-05,오후 4:00:00,1
1361,632,5,36,2020-08-05,오후 8:00:00,2
1362,50,16,11,2020-08-23,오후 5:00:00,3
1363,430,29,42,2020-08-16,오전 2:00:00,2
1364,631,34,25,2020-08-21,오전 8:00:00,4
1365,59,38,28,2020-08-14,오후 2:00:00,1
1366,968,31,23,2020-08-08,오후 5:00:00,1
1367,387,25,37,2020-08-14,오전 4:00:00,5
1368,812,32,50,2020-08-14,오후 3:00:00,1
1369,239,38,21,2020-08-17,오후 4:00:00,1
1370,854,12,46,2020-08-10,오후 7:00:00,4
1371,246,38,43,2020-08-17,오전 1:00:00,1
1372,747,9,39,2020-08-10,오후 10:00:00,3
1373,802,16,45,2020-08-03,오후 6:00:00,5
1374,102,6,23,2020-08-18,오전 8:00:00,1
1375,174,12,31,2020-08-25,오전 8:00:00,1
1376,892,34,43,2020-08-30,오후 5:00:00,2
1377,864,28,36,2020-08-01,오전 2:00:00,1
1378,712,7,17,2020-08-28,오후 9:00:00,4
1379,808,21,22,2020-08-08,오후 5:00:00,1
1380,679,2,15,2020-08-24,오후 5:00:00,2
1381,255,32,14,2020-08-30,오전 4:00:00,3
1382,759,9,46,2020-08-30,오전 1:00:00,5
1383,230,36,35,2020-08-25,오후 12:00:00,3
1384,375,13,25,2020-08-20,오전 1:00:00,2
1385,882,19,20,2020-08-01,오후 4:00:00,4
1386,686,38,43,2020-08-07,오후 1:00:00,1
1387,164,20,48,2020-08-11,오후 1:00:00,5
1388,911,19,41,2020-08-04,오후 3:00:00,4
1389,893,23,31,2020-08-11,오후 8:00:00,3
1390,685,22,48,2020-08-24,오전 8:00:00,1
1391,434,34,19,2020-08-02,오후 2:00:00,1
1392,325,24,41,2020-08-22,오후 6:00:00,2
1393,525,39,13,2020-08-13,오전 10:00:00,4
1394,217,10,36,2020-08-28,오전 9:00:00,2
1395,61,10,30,2020-08-27,오후 8:00:00,4
1396,822,36,26,2020-08-14,오후 9:00:00,3
1397,282,9,36,2020-08-17,오전 8:00:00,3
1398,316,0,29,2020-08-20,오후 8:00:00,1
1399,38,16,21,2020-08-20,오후 4:00:00,2
1400,752,1,35,2020-08-22,오후 6:00:00,1
1401,288,3,30,2020-08-05,오전 2:00:00,4
1402,775,39,31,2020-08-26,오전 10:00:00,5
1403,243,34,33,2020-08-25,오전 11:00:00,4
1404,359,2,13,2020-08-21,오전 11:00:00,5
1405,146,36,29,2020-08-06,오후 12:00:00,2
1406,679,33,11,2020-08-16,오전 1:00:00,5
1407,659,13,28,2020-08-09,오후 12:00:00,1
1408,313,39,47,2020-08-06,오전 5:00:00,2
1409,298,10,41,2020-08-13,오전 3:00:00,3
1410,253,13,46,2020-08-10,오전 2:00:00,5
1411,928,10,32,2020-08-08,오후 1:00:00,2
1412,920,7,45,2020-08-08,오후 4:00:00,1
1413,251,35,20,2020-08-29,오후 3:00:00,2
1414,567,24,38,2020-08-24,오후 10:00:00,1
1415,300,38,16,2020-08-20,오전 2:00:00,1
1416,454,6,35,2020-08-19,오전 7:00:00,4
1417,451,11,11,2020-08-26,오전 7:00:00,4
1418,399,33,17,2020-08-21,오전 10:00:00,5
1419,431,33,20,2020-08-29,오전 12:00:00,3
1420,931,23,33,2020-08-25,오후 10:00:00,5
1421,445,19,10,2020-08-09,오전 6:00:00,5
1422,141,24,41,2020-08-08,오후 3:00:00,5
1423,531,16,40,2020-08-13,오후 4:00:00,1
1424,211,3,41,2020-08-21,오후 2:00:00,4
1425,890,31,37,2020-08-05,오전 4:00:00,5
1426,440,16,26,2020-08-29,오후 1:00:00,2
1427,707,4,18,2020-08-30,오전 1:00:00,2
1428,534,26,49,2020-08-12,오후 6:00:00,2
1429,16,31,10,2020-08-02,오전 3:00:00,4
1430,689,19,24,2020-08-05,오후 7:00:00,3
1431,921,39,43,2020-08-01,오후 12:00:00,4
1432,308,22,15,2020-08-27,오전 6:00:00,3
1433,533,34,31,2020-08-22,오전 3:00:00,5
1434,874,10,23,2020-08-20,오전 1:00:00,5
1435,228,31,20,2020-08-30,오전 1:00:00,4
1436,676,32,24,2020-08-18,오전 4:00:00,2
1437,667,32,43,2020-08-02,오전 6:00:00,1
1438,896,10,26,2020-08-23,오전 7:00:00,5
1439,853,18,18,2020-08-14,오전 12:00:00,5
1440,815,10,13,2020-08-04,오전 8:00:00,4
1441,329,37,23,2020-08-26,오후 3:00:00,4
1442,333,3,18,2020-08-06,오후 11:00:00,2
1443,212,3,48,2020-08-12,오전 10:00:00,2
1444,951,10,10,2020-08-25,오전 4:00:00,3
1445,793,8,26,2020-08-08,오전 2:00:00,4
1446,89,12,17,2020-08-02,오후 8:00:00,5
1447,965,30,43,2020-08-21,오후 6:00:00,5
1448,4,22,40,2020-08-29,오전 11:00:00,4
1449,983,30,36,2020-08-18,오후 8:00:00,3
1450,986,34,17,2020-08-07,오후 4:00:00,2
1451,21,12,40,2020-08-07,오전 1:00:00,5
1452,43,19,31,2020-08-27,오전 6:00:00,4
1453,234,22,29,2020-08-04,오전 5:00:00,4
1454,286,4,11,2020-08-15,오후 1:00:00,3
1455,549,17,32,2020-08-10,오전 3:00:00,5
1456,238,18,24,2020-08-15,오후 11:00:00,3
1457,761,6,26,2020-08-28,오전 4:00:00,1
1458,428,4,49,2020-08-20,오전 7:00:00,2
1459,943,25,33,2020-08-27,오후 2:00:00,4
1460,1000,9,23,2020-08-30,오후 2:00:00,1
1461,612,32,41,2020-08-27,오후 11:00:00,3
1462,366,21,22,2020-08-30,오후 2:00:00,5
1463,751,28,21,2020-08-25,오후 10:00:00,3
1464,304,17,43,2020-08-27,오전 5:00:00,5
1465,168,21,25,2020-08-22,오후 8:00:00,4
1466,25,13,49,2020-08-02,오전 3:00:00,3
1467,80,19,21,2020-08-14,오전 12:00:00,1
1468,76,36,36,2020-08-05,오후 1:00:00,2
1469,154,25,11,2020-08-06,오전 8:00:00,1
1470,810,17,34,2020-08-07,오전 2:00:00,4
1471,269,22,48,2020-08-30,오전 9:00:00,3
1472,551,8,32,2020-08-04,오후 5:00:00,4
1473,41,6,11,2020-08-11,오전 11:00:00,4
1474,502,31,36,2020-08-20,오후 9:00:00,5
1475,921,32,49,2020-08-01,오후 3:00:00,3
1476,270,34,36,2020-08-04,오전 7:00:00,4
1477,181,16,37,2020-08-21,오후 10:00:00,2
1478,827,9,31,2020-08-06,오전 5:00:00,5
1479,684,2,38,2020-08-21,오후 6:00:00,4
1480,581,39,48,2020-08-23,오전 2:00:00,2
1481,262,2,27,2020-08-12,오후 6:00:00,1
1482,214,37,42,2020-08-25,오후 2:00:00,1
1483,949,31,30,2020-08-05,오후 6:00:00,4
1484,208,39,44,2020-08-17,오전 2:00:00,2
1485,335,20,23,2020-08-10,오전 5:00:00,3
1486,966,13,30,2020-08-17,오후 9:00:00,5
1487,512,12,20,2020-08-03,오전 8:00:00,1
1488,176,10,45,2020-08-18,오후 8:00:00,2
1489,799,16,19,2020-08-07,오후 3:00:00,2
1490,202,23,19,2020-08-04,오후 6:00:00,4
1491,955,15,15,2020-08-09,오전 11:00:00,2
1492,447,19,38,2020-08-24,오후 3:00:00,4
1493,946,32,49,2020-08-16,오전 12:00:00,3
1494,964,0,48,2020-08-30,오후 12:00:00,3
1495,179,26,13,2020-08-10,오후 12:00:00,1
1496,886,26,31,2020-08-14,오후 6:00:00,1
1497,747,29,45,2020-08-23,오전 10:00:00,4
1498,817,32,18,2020-08-06,오후 1:00:00,3
1499,865,23,25,2020-08-05,오전 2:00:00,1
1500,112,5,34,2020-08-20,오후 7:00:00,5
1501,542,34,47,2020-08-07,오후 10:00:00,4
1502,501,20,26,2020-08-26,오전 3:00:00,3
1503,776,6,47,2020-08-29,오후 4:00:00,2
1504,449,18,24,2020-08-16,오전 10:00:00,4
1505,695,5,43,2020-08-12,오전 8:00:00,4
1506,494,10,35,2020-08-07,오후 3:00:00,1
1507,361,15,19,2020-08-29,오후 8:00:00,3
1508,121,0,47,2020-08-23,오전 5:00:00,1
1509,74,10,36,2020-08-04,오전 4:00:00,4
1510,143,23,35,2020-08-16,오후 8:00:00,2
1511,692,2,34,2020-08-12,오후 6:00:00,1
1512,665,29,24,2020-08-23,오전 2:00:00,1
1513,880,32,22,2020-08-05,오후 6:00:00,4
1514,329,15,30,2020-08-15,오전 8:00:00,5
1515,478,29,27,2020-08-25,오후 11:00:00,3
1516,514,30,30,2020-08-12,오후 12:00:00,5
1517,118,27,13,2020-08-27,오후 12:00:00,5
1518,376,9,16,2020-08-02,오전 5:00:00,1
1519,266,39,40,2020-08-01,오전 7:00:00,5
1520,653,27,28,2020-08-24,오후 10:00:00,5
1521,980,19,19,2020-08-11,오후 8:00:00,1
1522,378,25,29,2020-08-18,오후 6:00:00,2
1523,458,35,29,2020-08-06,오전 7:00:00,3
1524,585,33,24,2020-08-27,오전 4:00:00,2
1525,670,1,22,2020-08-29,오후 12:00:00,5
1526,558,12,29,2020-08-14,오전 5:00:00,4
1527,749,5,13,2020-08-06,오후 12:00:00,4
1528,540,19,21,2020-08-09,오후 4:00:00,3
1529,586,19,21,2020-08-29,오전 2:00:00,3
1530,31,20,18,2020-08-10,오전 6:00:00,4
1531,912,5,25,2020-08-26,오후 8:00:00,2
1532,858,30,34,2020-08-29,오후 8:00:00,2
1533,185,9,36,2020-08-25,오전 2:00:00,5
1534,410,21,13,2020-08-21,오후 6:00:00,5
1535,29,28,41,2020-08-09,오전 5:00:00,4
1536,457,36,23,2020-08-27,오전 9:00:00,1
1537,726,1,14,2020-08-09,오후 9:00:00,4
1538,626,19,41,2020-08-14,오전 5:00:00,1
1539,335,13,41,2020-08-21,오전 3:00:00,5
1540,597,1,18,2020-08-10,오후 4:00:00,2
1541,521,8,13,2020-08-10,오전 2:00:00,3
1542,453,28,44,2020-08-12,오후 9:00:00,1
1543,475,24,30,2020-08-13,오전 7:00:00,3
1544,337,19,11,2020-08-11,오전 3:00:00,1
1545,436,35,34,2020-08-22,오후 9:00:00,1
1546,593,38,14,2020-08-13,오후 2:00:00,1
1547,329,5,44,2020-08-25,오전 5:00:00,4
1548,312,36,11,2020-08-09,오후 3:00:00,4
1549,670,28,10,2020-08-08,오후 5:00:00,2
1550,869,12,16,2020-08-16,오후 12:00:00,2
1551,598,15,16,2020-08-11,오전 1:00:00,3
1552,677,5,14,2020-08-03,오전 5:00:00,2
1553,117,9,25,2020-08-07,오후 2:00:00,3
1554,905,4,37,2020-08-30,오전 4:00:00,5
1555,870,29,31,2020-08-23,오전 2:00:00,3
1556,899,15,38,2020-08-04,오전 4:00:00,3
1557,212,28,29,2020-08-22,오전 2:00:00,4
1558,318,40,38,2020-08-11,오후 2:00:00,1
1559,777,1,24,2020-08-10,오후 1:00:00,2
1560,404,16,14,2020-08-07,오전 9:00:00,3
1561,223,18,43,2020-08-11,오전 7:00:00,3
1562,304,40,38,2020-08-19,오전 2:00:00,4
1563,443,15,21,2020-08-11,오전 10:00:00,3
1564,760,12,13,2020-08-23,오전 9:00:00,2
1565,177,17,40,2020-08-17,오후 12:00:00,2
1566,317,10,45,2020-08-05,오후 4:00:00,4
1567,529,17,24,2020-08-17,오후 2:00:00,3
1568,220,24,20,2020-08-05,오전 2:00:00,5
1569,776,7,31,2020-08-27,오후 3:00:00,2
1570,159,24,38,2020-08-01,오후 9:00:00,1
1571,159,30,29,2020-08-30,오후 1:00:00,4
1572,260,8,31,2020-08-13,오후 5:00:00,2
1573,734,19,23,2020-08-22,오전 6:00:00,3
1574,573,28,27,2020-08-03,오후 12:00:00,1
1575,440,32,39,2020-08-19,오후 9:00:00,2
1576,490,33,25,2020-08-30,오전 2:00:00,1
1577,828,23,37,2020-08-18,오전 2:00:00,4
1578,284,39,48,2020-08-12,오후 1:00:00,2
1579,907,25,24,2020-08-22,오후 9:00:00,5
1580,532,2,33,2020-08-13,오전 1:00:00,1
1581,84,33,12,2020-08-22,오전 12:00:00,5
1582,269,22,37,2020-08-19,오후 5:00:00,2
1583,797,27,34,2020-08-06,오후 3:00:00,5
1584,677,19,22,2020-08-30,오전 9:00:00,5
1585,611,4,39,2020-08-24,오전 6:00:00,1
1586,807,22,12,2020-08-11,오전 2:00:00,3
1587,554,34,19,2020-08-08,오후 7:00:00,2
1588,500,1,10,2020-08-10,오전 2:00:00,1
1589,939,18,50,2020-08-13,오후 4:00:00,2
1590,111,18,34,2020-08-26,오전 3:00:00,5
1591,165,29,32,2020-08-10,오전 3:00:00,2
1592,993,7,32,2020-08-30,오후 12:00:00,4
1593,136,5,20,2020-08-03,오후 2:00:00,4
1594,552,0,31,2020-08-30,오후 9:00:00,4
1595,522,26,28,2020-08-22,오전 5:00:00,2
1596,610,34,39,2020-08-17,오전 11:00:00,2
1597,823,15,10,2020-08-19,오후 3:00:00,2
1598,583,36,20,2020-08-08,오전 8:00:00,1
1599,765,0,28,2020-08-14,오후 5:00:00,1
1600,432,28,39,2020-08-24,오후 6:00:00,3
1601,224,0,28,2020-08-24,오후 3:00:00,4
1602,511,27,35,2020-08-28,오후 4:00:00,1
1603,102,34,46,2020-08-28,오전 9:00:00,1
1604,806,2,33,2020-08-11,오후 7:00:00,2
1605,522,2,27,2020-08-04,오전 3:00:00,5
1606,662,17,10,2020-08-08,오전 2:00:00,5
1607,547,18,39,2020-08-17,오후 9:00:00,1
1608,554,16,46,2020-08-12,오후 8:00:00,3
1609,570,34,17,2020-08-06,오후 4:00:00,1
1610,632,40,48,2020-08-22,오전 9:00:00,1
1611,324,11,19,2020-08-24,오후 7:00:00,2
1612,404,26,46,2020-08-13,오전 6:00:00,5
1613,672,2,26,2020-08-09,오전 7:00:00,5
1614,478,33,49,2020-08-09,오전 3:00:00,3
1615,983,24,39,2020-08-04,오전 12:00:00,3
1616,419,25,42,2020-08-02,오후 5:00:00,1
1617,997,5,32,2020-08-20,오전 3:00:00,4
1618,871,34,11,2020-08-10,오전 11:00:00,4
1619,274,22,35,2020-08-22,오전 1:00:00,1
1620,191,25,15,2020-08-27,오후 2:00:00,3
1621,93,4,40,2020-08-26,오후 7:00:00,4
1622,433,11,18,2020-08-20,오후 2:00:00,5
1623,774,6,33,2020-08-16,오후 10:00:00,5
1624,713,27,40,2020-08-16,오후 2:00:00,1
1625,749,28,38,2020-08-23,오전 12:00:00,1
1626,615,37,23,2020-08-01,오전 6:00:00,3
1627,418,0,42,2020-08-09,오전 11:00:00,1
1628,232,11,28,2020-08-17,오후 4:00:00,1
1629,705,1,17,2020-08-06,오전 6:00:00,4
1630,908,0,15,2020-08-23,오전 7:00:00,4
1631,569,5,24,2020-08-08,오전 7:00:00,4
1632,202,3,11,2020-08-03,오전 7:00:00,2
1633,515,11,34,2020-08-09,오전 7:00:00,3
1634,213,14,24,2020-08-15,오후 8:00:00,5
1635,246,25,48,2020-08-24,오전 3:00:00,1
1636,872,40,20,2020-08-13,오전 3:00:00,4
1637,911,16,42,2020-08-19,오전 12:00:00,3
1638,408,37,15,2020-08-12,오후 3:00:00,3
1639,825,26,44,2020-08-16,오전 1:00:00,4
1640,315,37,39,2020-08-06,오후 3:00:00,2
1641,742,34,27,2020-08-04,오전 11:00:00,3
1642,280,23,22,2020-08-29,오전 7:00:00,3
1643,1000,38,50,2020-08-09,오전 7:00:00,3
1644,221,24,35,2020-08-14,오전 11:00:00,1
1645,329,13,36,2020-08-11,오전 5:00:00,3
1646,25,26,24,2020-08-30,오전 3:00:00,3
1647,308,36,43,2020-08-20,오전 9:00:00,1
1648,896,27,11,2020-08-23,오전 4:00:00,3
1649,558,22,17,2020-08-14,오후 1:00:00,2
1650,220,11,12,2020-08-18,오후 10:00:00,2
1651,596,22,46,2020-08-13,오전 8:00:00,3
1652,650,22,30,2020-08-01,오전 12:00:00,4
1653,448,28,10,2020-08-18,오전 1:00:00,2
1654,257,11,47,2020-08-13,오후 11:00:00,5
1655,754,29,26,2020-08-05,오후 4:00:00,4
1656,263,29,16,2020-08-13,오후 2:00:00,1
1657,429,33,30,2020-08-24,오전 8:00:00,5
1658,477,35,36,2020-08-24,오전 11:00:00,4
1659,602,39,45,2020-08-09,오후 10:00:00,2
1660,533,22,12,2020-08-26,오전 12:00:00,1
1661,552,25,27,2020-08-15,오전 2:00:00,5
1662,529,9,33,2020-08-08,오후 12:00:00,4
1663,999,20,38,2020-08-11,오후 7:00:00,5
1664,589,29,31,2020-08-05,오전 8:00:00,1
1665,287,28,20,2020-08-27,오전 5:00:00,2
1666,311,20,21,2020-08-12,오전 9:00:00,3
1667,112,39,48,2020-08-29,오전 6:00:00,2
1668,96,19,13,2020-08-21,오전 3:00:00,2
1669,31,26,12,2020-08-15,오전 11:00:00,3
1670,280,4,18,2020-08-12,오전 9:00:00,1
1671,82,4,32,2020-08-25,오전 11:00:00,4
1672,652,24,27,2020-08-08,오후 6:00:00,5
1673,969,13,33,2020-08-07,오후 11:00:00,3
1674,750,11,33,2020-08-12,오후 6:00:00,3
1675,555,33,18,2020-08-25,오전 11:00:00,4
1676,608,32,19,2020-08-30,오전 8:00:00,2
1677,588,14,12,2020-08-30,오후 2:00:00,3
1678,303,27,49,2020-08-09,오전 6:00:00,4
1679,988,31,15,2020-08-23,오후 12:00:00,5
1680,536,18,17,2020-08-26,오후 11:00:00,5
1681,451,24,27,2020-08-03,오전 12:00:00,3
1682,18,8,12,2020-08-09,오후 4:00:00,1
1683,622,20,12,2020-08-23,오후 7:00:00,3
1684,959,19,42,2020-08-23,오전 7:00:00,5
1685,101,39,40,2020-08-08,오전 3:00:00,2
1686,657,13,25,2020-08-21,오후 6:00:00,5
1687,135,4,22,2020-08-13,오후 6:00:00,2
1688,688,19,27,2020-08-08,오후 2:00:00,5
1689,573,23,30,2020-08-21,오전 5:00:00,2
1690,494,16,10,2020-08-15,오후 5:00:00,1
1691,329,25,40,2020-08-06,오후 11:00:00,4
1692,493,8,37,2020-08-18,오전 2:00:00,2
1693,162,1,31,2020-08-24,오후 7:00:00,4
1694,61,22,34,2020-08-15,오전 2:00:00,5
1695,190,0,31,2020-08-09,오후 2:00:00,5
1696,661,30,33,2020-08-04,오전 7:00:00,4
1697,16,8,17,2020-08-19,오전 5:00:00,4
1698,947,15,34,2020-08-27,오후 8:00:00,2
1699,171,19,49,2020-08-13,오전 4:00:00,5
1700,287,4,26,2020-08-01,오후 12:00:00,2
1701,848,0,45,2020-08-15,오후 5:00:00,1
1702,261,40,19,2020-08-13,오후 12:00:00,5
1703,558,28,13,2020-08-09,오전 2:00:00,4
1704,580,15,15,2020-08-09,오전 4:00:00,5
1705,477,14,10,2020-08-17,오전 5:00:00,4
1706,274,4,26,2020-08-08,오후 4:00:00,3
1707,18,39,48,2020-08-12,오전 2:00:00,4
1708,470,37,30,2020-08-19,오전 1:00:00,5
1709,680,35,12,2020-08-13,오전 4:00:00,4
1710,341,4,14,2020-08-07,오전 10:00:00,4
1711,171,35,26,2020-08-05,오후 6:00:00,1
1712,449,9,19,2020-08-20,오후 5:00:00,5
1713,725,30,16,2020-08-19,오전 12:00:00,4
1714,194,37,28,2020-08-16,오후 1:00:00,5
1715,898,13,27,2020-08-11,오전 8:00:00,2
1716,392,21,31,2020-08-13,오후 12:00:00,3
1717,237,29,37,2020-08-19,오후 1:00:00,5
1718,95,32,23,2020-08-24,오후 6:00:00,5
1719,767,23,49,2020-08-12,오전 12:00:00,4
1720,763,8,24,2020-08-04,오전 11:00:00,3
1721,161,26,20,2020-08-21,오전 8:00:00,2
1722,759,27,45,2020-08-25,오전 5:00:00,3
1723,101,17,24,2020-08-15,오전 9:00:00,5
1724,915,0,13,2020-08-18,오전 2:00:00,3
1725,620,11,18,2020-08-24,오후 6:00:00,1
1726,825,16,45,2020-08-29,오전 5:00:00,3
1727,164,27,50,2020-08-29,오후 9:00:00,1
1728,951,3,25,2020-08-10,오전 10:00:00,5
1729,192,3,43,2020-08-14,오전 1:00:00,2
1730,532,5,35,2020-08-20,오전 1:00:00,4
1731,813,23,27,2020-08-29,오후 10:00:00,3
1732,753,33,14,2020-08-29,오후 3:00:00,4
1733,55,24,29,2020-08-14,오전 9:00:00,2
1734,886,22,26,2020-08-04,오전 11:00:00,4
1735,108,28,22,2020-08-29,오후 6:00:00,4
1736,972,21,13,2020-08-12,오후 11:00:00,3
1737,240,13,22,2020-08-29,오전 7:00:00,2
1738,854,4,45,2020-08-12,오후 2:00:00,4
1739,229,39,50,2020-08-04,오후 6:00:00,3
1740,883,40,41,2020-08-08,오전 6:00:00,2
1741,210,13,19,2020-08-28,오전 9:00:00,2
1742,36,17,23,2020-08-18,오후 5:00:00,2
1743,903,6,14,2020-08-05,오후 12:00:00,2
1744,412,26,49,2020-08-20,오후 3:00:00,5
1745,337,25,14,2020-08-09,오전 5:00:00,5
1746,754,1,37,2020-08-27,오전 1:00:00,4
1747,131,22,24,2020-08-28,오전 4:00:00,3
1748,190,11,23,2020-08-23,오전 6:00:00,3
1749,930,20,24,2020-08-11,오전 10:00:00,5
1750,35,22,44,2020-08-17,오후 4:00:00,2
1751,175,24,33,2020-08-23,오후 5:00:00,3
1752,786,18,49,2020-08-21,오후 3:00:00,3
1753,965,3,40,2020-08-01,오후 9:00:00,5
1754,711,19,39,2020-08-28,오후 11:00:00,4
1755,230,1,15,2020-08-24,오후 12:00:00,2
1756,530,16,35,2020-08-12,오전 4:00:00,2
1757,226,24,37,2020-08-23,오후 2:00:00,5
1758,540,3,44,2020-08-20,오전 8:00:00,3
1759,57,7,23,2020-08-09,오전 7:00:00,2
1760,443,27,28,2020-08-07,오전 4:00:00,1
1761,68,32,39,2020-08-15,오후 3:00:00,4
1762,172,3,16,2020-08-14,오후 2:00:00,5
1763,569,36,23,2020-08-17,오후 11:00:00,5
1764,270,27,38,2020-08-10,오후 1:00:00,1
1765,568,12,23,2020-08-02,오전 1:00:00,5
1766,343,20,11,2020-08-09,오전 11:00:00,4
1767,851,20,38,2020-08-11,오전 7:00:00,5
1768,619,21,49,2020-08-14,오후 6:00:00,4
1769,508,8,11,2020-08-22,오후 2:00:00,3
1770,355,2,45,2020-08-27,오후 11:00:00,3
1771,631,17,11,2020-08-29,오후 1:00:00,4
1772,102,12,30,2020-08-04,오전 6:00:00,4
1773,176,34,15,2020-08-01,오후 10:00:00,4
1774,10,28,37,2020-08-04,오전 11:00:00,1
1775,887,29,34,2020-08-29,오전 7:00:00,2
1776,504,27,38,2020-08-09,오후 1:00:00,3
1777,623,13,49,2020-08-29,오전 4:00:00,5
1778,844,35,18,2020-08-02,오전 4:00:00,1
1779,868,40,11,2020-08-28,오후 8:00:00,3
1780,609,37,29,2020-08-13,오후 9:00:00,1
1781,623,34,40,2020-08-17,오후 1:00:00,2
1782,563,9,33,2020-08-04,오후 8:00:00,2
1783,378,7,32,2020-08-17,오전 12:00:00,1
1784,347,31,38,2020-08-13,오후 9:00:00,2
1785,174,38,35,2020-08-16,오전 10:00:00,2
1786,510,0,13,2020-08-11,오후 12:00:00,5
1787,525,1,14,2020-08-12,오전 11:00:00,5
1788,212,3,20,2020-08-12,오전 5:00:00,3
1789,190,13,24,2020-08-11,오후 7:00:00,2
1790,486,26,46,2020-08-06,오전 3:00:00,5
1791,213,22,44,2020-08-05,오전 6:00:00,2
1792,543,15,46,2020-08-30,오후 1:00:00,5
1793,844,24,23,2020-08-06,오전 6:00:00,4
1794,985,5,32,2020-08-22,오후 12:00:00,5
1795,538,24,10,2020-08-09,오후 4:00:00,4
1796,756,22,30,2020-08-24,오전 7:00:00,5
1797,664,24,42,2020-08-24,오전 12:00:00,2
1798,918,30,17,2020-08-24,오후 11:00:00,4
1799,474,4,39,2020-08-04,오후 9:00:00,1
1800,598,30,38,2020-08-17,오후 8:00:00,1
1801,37,1,48,2020-08-19,오후 11:00:00,1
1802,766,37,25,2020-08-16,오전 12:00:00,2
1803,419,27,18,2020-08-27,오전 11:00:00,2
1804,698,25,39,2020-08-26,오전 1:00:00,4
1805,157,16,19,2020-08-15,오전 12:00:00,3
1806,206,26,30,2020-08-21,오전 5:00:00,2
1807,171,5,15,2020-08-06,오전 1:00:00,5
1808,996,4,42,2020-08-14,오전 3:00:00,3
1809,745,22,10,2020-08-11,오후 4:00:00,3
1810,120,10,37,2020-08-28,오전 8:00:00,3
1811,405,2,16,2020-08-24,오후 2:00:00,4
1812,939,27,29,2020-08-06,오후 12:00:00,5
1813,138,20,36,2020-08-02,오후 2:00:00,2
1814,309,22,12,2020-08-24,오전 4:00:00,3
1815,177,25,43,2020-08-07,오후 1:00:00,4
1816,363,7,13,2020-08-16,오전 6:00:00,5
1817,250,13,23,2020-08-21,오후 7:00:00,2
1818,548,9,37,2020-08-26,오후 2:00:00,2
1819,948,35,34,2020-08-04,오후 11:00:00,4
1820,803,8,48,2020-08-21,오후 10:00:00,1
1821,408,18,27,2020-08-21,오후 8:00:00,5
1822,662,40,32,2020-08-02,오전 2:00:00,3
1823,386,26,23,2020-08-03,오후 10:00:00,4
1824,486,10,44,2020-08-05,오후 7:00:00,5
1825,780,24,50,2020-08-05,오후 4:00:00,1
1826,64,29,45,2020-08-22,오전 2:00:00,5
1827,937,28,50,2020-08-14,오전 10:00:00,1
1828,245,35,12,2020-08-09,오전 12:00:00,1
1829,953,12,48,2020-08-20,오후 3:00:00,5
1830,730,29,22,2020-08-08,오후 10:00:00,2
1831,10,12,19,2020-08-24,오전 3:00:00,1
1832,848,18,49,2020-08-22,오후 11:00:00,5
1833,583,5,20,2020-08-08,오후 3:00:00,1
1834,248,16,38,2020-08-21,오후 10:00:00,2
1835,186,10,21,2020-08-23,오후 11:00:00,3
1836,509,33,15,2020-08-03,오전 8:00:00,1
1837,559,18,27,2020-08-19,오후 4:00:00,1
1838,430,39,25,2020-08-26,오후 6:00:00,3
1839,195,23,40,2020-08-23,오전 9:00:00,4
1840,938,34,17,2020-08-16,오전 10:00:00,5
1841,415,31,19,2020-08-19,오후 6:00:00,4
1842,773,1,35,2020-08-06,오전 1:00:00,2
1843,819,27,11,2020-08-06,오후 8:00:00,2
1844,56,4,34,2020-08-05,오후 1:00:00,3
1845,94,16,35,2020-08-29,오전 6:00:00,1
1846,829,21,41,2020-08-19,오전 12:00:00,4
1847,369,20,17,2020-08-02,오전 2:00:00,3
1848,663,22,47,2020-08-01,오후 3:00:00,2
1849,348,18,21,2020-08-17,오전 8:00:00,3
1850,837,0,11,2020-08-13,오전 3:00:00,1
1851,42,22,13,2020-08-02,오후 9:00:00,1
1852,765,19,28,2020-08-26,오전 12:00:00,3
1853,8,39,39,2020-08-02,오전 2:00:00,2
1854,233,9,14,2020-08-12,오후 7:00:00,3
1855,710,17,35,2020-08-16,오후 5:00:00,5
1856,673,2,43,2020-08-07,오후 6:00:00,1
1857,256,36,19,2020-08-29,오후 4:00:00,3
1858,209,14,21,2020-08-29,오후 12:00:00,1
1859,764,33,38,2020-08-07,오전 7:00:00,3
1860,110,2,25,2020-08-26,오후 12:00:00,3
1861,250,25,39,2020-08-03,오후 6:00:00,1
1862,410,19,37,2020-08-30,오후 2:00:00,1
1863,143,34,31,2020-08-27,오후 9:00:00,5
1864,159,35,49,2020-08-27,오전 12:00:00,4
1865,978,8,17,2020-08-26,오후 11:00:00,1
1866,309,21,41,2020-08-23,오전 7:00:00,2
1867,415,3,50,2020-08-23,오후 11:00:00,3
1868,417,11,33,2020-08-13,오후 3:00:00,3
1869,227,14,30,2020-08-03,오전 1:00:00,2
1870,283,12,21,2020-08-07,오전 10:00:00,3
1871,735,11,26,2020-08-25,오전 10:00:00,1
1872,307,24,49,2020-08-03,오후 10:00:00,5
1873,67,9,49,2020-08-09,오전 5:00:00,3
1874,718,40,41,2020-08-27,오전 10:00:00,1
1875,278,29,29,2020-08-14,오전 8:00:00,5
1876,298,23,24,2020-08-30,오전 12:00:00,1
1877,219,21,39,2020-08-18,오후 12:00:00,1
1878,746,22,34,2020-08-19,오전 1:00:00,5
1879,483,28,10,2020-08-01,오전 3:00:00,3
1880,949,37,44,2020-08-04,오전 9:00:00,3
1881,388,34,40,2020-08-15,오후 6:00:00,1
1882,19,23,22,2020-08-10,오전 4:00:00,5
1883,827,32,50,2020-08-17,오전 6:00:00,1
1884,585,3,25,2020-08-05,오전 2:00:00,4
1885,673,21,30,2020-08-11,오전 10:00:00,1
1886,921,5,45,2020-08-08,오후 5:00:00,2
1887,731,24,41,2020-08-23,오전 10:00:00,5
1888,88,7,23,2020-08-11,오전 1:00:00,1
1889,65,14,50,2020-08-27,오전 5:00:00,4
1890,83,12,39,2020-08-02,오후 8:00:00,3
1891,921,8,13,2020-08-25,오후 10:00:00,1
1892,857,1,43,2020-08-23,오후 6:00:00,5
1893,808,16,10,2020-08-14,오전 11:00:00,5
1894,864,11,15,2020-08-14,오전 1:00:00,3
1895,478,2,48,2020-08-12,오전 3:00:00,1
1896,527,10,49,2020-08-11,오전 12:00:00,3
1897,962,17,21,2020-08-09,오후 7:00:00,1
1898,461,38,45,2020-08-17,오전 2:00:00,1
1899,237,28,44,2020-08-11,오후 8:00:00,3
1900,388,38,10,2020-08-02,오후 11:00:00,1
1901,847,29,30,2020-08-16,오전 12:00:00,4
1902,847,15,37,2020-08-15,오전 9:00:00,4
1903,623,36,31,2020-08-09,오후 9:00:00,5
1904,231,2,38,2020-08-16,오전 9:00:00,1
1905,130,33,49,2020-08-17,오후 10:00:00,3
1906,164,1,37,2020-08-06,오후 7:00:00,5
1907,523,14,15,2020-08-17,오전 3:00:00,4
1908,329,6,26,2020-08-18,오후 2:00:00,2
1909,405,39,21,2020-08-08,오후 9:00:00,4
1910,140,36,22,2020-08-11,오전 5:00:00,3
1911,425,27,49,2020-08-26,오전 7:00:00,4
1912,497,3,24,2020-08-09,오전 8:00:00,2
1913,418,29,23,2020-08-01,오전 12:00:00,1
1914,647,28,41,2020-08-29,오전 6:00:00,2
1915,436,20,17,2020-08-11,오후 6:00:00,1
1916,32,12,29,2020-08-03,오전 11:00:00,4
1917,716,2,21,2020-08-19,오전 2:00:00,5
1918,334,35,10,2020-08-07,오후 7:00:00,2
1919,662,24,12,2020-08-27,오후 12:00:00,1
1920,711,23,27,2020-08-29,오후 2:00:00,2
1921,916,6,24,2020-08-24,오전 3:00:00,3
1922,909,35,42,2020-08-05,오전 7:00:00,1
1923,691,14,29,2020-08-01,오후 6:00:00,2
1924,772,34,47,2020-08-23,오전 1:00:00,1
1925,883,15,10,2020-08-23,오후 1:00:00,3
1926,912,34,26,2020-08-06,오전 5:00:00,2
1927,687,4,49,2020-08-08,오전 6:00:00,1
1928,391,0,13,2020-08-14,오전 8:00:00,2
1929,899,6,33,2020-08-25,오전 8:00:00,2
1930,146,16,35,2020-08-04,오전 6:00:00,5
1931,613,20,35,2020-08-27,오전 1:00:00,5
1932,147,12,13,2020-08-07,오전 11:00:00,2
1933,496,26,37,2020-08-26,오전 12:00:00,3
1934,617,19,20,2020-08-03,오전 2:00:00,1
1935,167,21,48,2020-08-13,오전 6:00:00,1
1936,761,20,27,2020-08-15,오후 10:00:00,5
1937,572,21,13,2020-08-18,오전 3:00:00,3
1938,796,7,29,2020-08-26,오후 11:00:00,4
1939,467,11,50,2020-08-18,오전 2:00:00,5
1940,754,10,42,2020-08-10,오후 11:00:00,4
1941,516,33,15,2020-08-25,오후 6:00:00,5
1942,293,20,29,2020-08-03,오후 7:00:00,3
1943,334,28,22,2020-08-20,오전 10:00:00,5
1944,755,32,40,2020-08-27,오전 10:00:00,5
1945,859,18,18,2020-08-27,오후 8:00:00,5
1946,262,18,25,2020-08-02,오전 2:00:00,5
1947,151,38,26,2020-08-07,오전 5:00:00,3
1948,161,26,33,2020-08-17,오후 12:00:00,3
1949,393,22,50,2020-08-22,오후 9:00:00,2
1950,313,25,40,2020-08-30,오전 12:00:00,3
1951,63,3,47,2020-08-04,오후 1:00:00,3
1952,167,0,35,2020-08-03,오전 4:00:00,5
1953,624,7,30,2020-08-19,오전 3:00:00,1
1954,317,5,13,2020-08-16,오전 2:00:00,2
1955,814,26,46,2020-08-25,오전 10:00:00,1
1956,170,21,23,2020-08-11,오전 4:00:00,1
1957,871,12,16,2020-08-26,오후 1:00:00,3
1958,445,7,23,2020-08-04,오전 12:00:00,3
1959,961,12,14,2020-08-09,오후 11:00:00,2
1960,642,21,14,2020-08-18,오후 2:00:00,2
1961,75,26,32,2020-08-02,오전 10:00:00,4
1962,394,6,20,2020-08-27,오전 9:00:00,4
1963,511,37,42,2020-08-07,오전 7:00:00,4
1964,853,31,46,2020-08-06,오전 5:00:00,2
1965,646,8,11,2020-08-23,오후 6:00:00,4
1966,330,30,37,2020-08-27,오전 6:00:00,1
1967,100,27,24,2020-08-12,오전 9:00:00,4
1968,224,22,45,2020-08-19,오후 8:00:00,2
1969,91,4,21,2020-08-20,오후 12:00:00,5
1970,298,21,25,2020-08-27,오전 5:00:00,1
1971,740,32,38,2020-08-10,오후 10:00:00,2
1972,806,35,39,2020-08-14,오전 6:00:00,2
1973,83,17,44,2020-08-08,오후 5:00:00,1
1974,624,5,27,2020-08-09,오후 6:00:00,2
1975,109,23,33,2020-08-18,오전 1:00:00,5
1976,523,0,35,2020-08-27,오전 9:00:00,2
1977,416,2,26,2020-08-08,오후 3:00:00,1
1978,225,4,22,2020-08-08,오전 7:00:00,1
1979,466,25,30,2020-08-06,오전 4:00:00,5
1980,249,22,11,2020-08-15,오전 6:00:00,5
1981,459,12,37,2020-08-08,오전 6:00:00,5
1982,153,36,33,2020-08-12,오전 11:00:00,5
1983,953,37,13,2020-08-27,오후 10:00:00,4
1984,155,27,35,2020-08-16,오후 1:00:00,2
1985,959,28,36,2020-08-20,오전 2:00:00,5
1986,620,38,18,2020-08-08,오후 11:00:00,2
1987,145,24,41,2020-08-06,오후 9:00:00,1
1988,760,26,11,2020-08-29,오후 12:00:00,1
1989,866,40,42,2020-08-14,오후 6:00:00,4
1990,14,24,49,2020-08-27,오후 9:00:00,3
1991,179,5,13,2020-08-12,오전 8:00:00,2
1992,934,27,21,2020-08-15,오후 3:00:00,5
1993,160,39,14,2020-08-06,오후 7:00:00,3
1994,784,21,24,2020-08-23,오전 7:00:00,2
1995,598,27,23,2020-08-25,오전 8:00:00,5
1996,724,1,10,2020-08-30,오후 6:00:00,5
1997,934,28,18,2020-08-14,오전 4:00:00,1
1998,210,7,27,2020-08-30,오전 4:00:00,1
1999,850,0,35,2020-08-30,오후 1:00:00,2
2000,514,27,47,2020-08-26,오후 8:00:00,4
